CRITICAL - 2025-04-19 09:11:45 --> ErrorException: Namespace declaration statement has to be the very first statement or after any declare call in the script
[Method: GET, Route: students/create]
in APPPATH\Controllers\StudentsController.php on line 4.
 1 [internal function]: CodeIgniter\Debug\Exceptions->shutdownHandler()
CRITICAL - 2025-04-19 09:16:00 --> Error: Class "App\Models\StudentModel" not found
[Method: GET, Route: students/create]
in APPPATH\Controllers\StudentsController.php on line 12.
 1 SYSTEMPATH\CodeIgniter.php(903): App\Controllers\StudentsController->__construct()
 2 SYSTEMPATH\CodeIgniter.php(500): CodeIgniter\CodeIgniter->createController()
 3 SYSTEMPATH\CodeIgniter.php(355): CodeIgniter\CodeIgniter->handleRequest(null, Object(Config\Cache), false)
 4 SYSTEMPATH\Boot.php(325): CodeIgniter\CodeIgniter->run()
 5 SYSTEMPATH\Boot.php(67): CodeIgniter\Boot::runCodeIgniter(Object(CodeIgniter\CodeIgniter))
 6 FCPATH\index.php(56): CodeIgniter\Boot::bootWeb(Object(Config\Paths))
CRITICAL - 2025-04-19 09:18:40 --> Error: Class "App\Controllers\StudentsModel" not found
[Method: GET, Route: students/create]
in APPPATH\Controllers\StudentsController.php on line 12.
 1 SYSTEMPATH\CodeIgniter.php(903): App\Controllers\StudentsController->__construct()
 2 SYSTEMPATH\CodeIgniter.php(500): CodeIgniter\CodeIgniter->createController()
 3 SYSTEMPATH\CodeIgniter.php(355): CodeIgniter\CodeIgniter->handleRequest(null, Object(Config\Cache), false)
 4 SYSTEMPATH\Boot.php(325): CodeIgniter\CodeIgniter->run()
 5 SYSTEMPATH\Boot.php(67): CodeIgniter\Boot::runCodeIgniter(Object(CodeIgniter\CodeIgniter))
 6 FCPATH\index.php(56): CodeIgniter\Boot::bootWeb(Object(Config\Paths))
CRITICAL - 2025-04-19 09:20:42 --> Error: Class "App\Models\StudentModel" not found
[Method: GET, Route: students/create]
in APPPATH\Controllers\StudentsController.php on line 12.
 1 SYSTEMPATH\CodeIgniter.php(903): App\Controllers\StudentsController->__construct()
 2 SYSTEMPATH\CodeIgniter.php(500): CodeIgniter\CodeIgniter->createController()
 3 SYSTEMPATH\CodeIgniter.php(355): CodeIgniter\CodeIgniter->handleRequest(null, Object(Config\Cache), false)
 4 SYSTEMPATH\Boot.php(325): CodeIgniter\CodeIgniter->run()
 5 SYSTEMPATH\Boot.php(67): CodeIgniter\Boot::runCodeIgniter(Object(CodeIgniter\CodeIgniter))
 6 FCPATH\index.php(56): CodeIgniter\Boot::bootWeb(Object(Config\Paths))
CRITICAL - 2025-04-19 09:21:39 --> Error: Class "App\Controllers\StudentsModel" not found
[Method: GET, Route: students/create]
in APPPATH\Controllers\StudentsController.php on line 12.
 1 SYSTEMPATH\CodeIgniter.php(903): App\Controllers\StudentsController->__construct()
 2 SYSTEMPATH\CodeIgniter.php(500): CodeIgniter\CodeIgniter->createController()
 3 SYSTEMPATH\CodeIgniter.php(355): CodeIgniter\CodeIgniter->handleRequest(null, Object(Config\Cache), false)
 4 SYSTEMPATH\Boot.php(325): CodeIgniter\CodeIgniter->run()
 5 SYSTEMPATH\Boot.php(67): CodeIgniter\Boot::runCodeIgniter(Object(CodeIgniter\CodeIgniter))
 6 FCPATH\index.php(56): CodeIgniter\Boot::bootWeb(Object(Config\Paths))
CRITICAL - 2025-04-19 09:21:41 --> Error: Class "App\Controllers\StudentsModel" not found
[Method: GET, Route: students/create]
in APPPATH\Controllers\StudentsController.php on line 12.
 1 SYSTEMPATH\CodeIgniter.php(903): App\Controllers\StudentsController->__construct()
 2 SYSTEMPATH\CodeIgniter.php(500): CodeIgniter\CodeIgniter->createController()
 3 SYSTEMPATH\CodeIgniter.php(355): CodeIgniter\CodeIgniter->handleRequest(null, Object(Config\Cache), false)
 4 SYSTEMPATH\Boot.php(325): CodeIgniter\CodeIgniter->run()
 5 SYSTEMPATH\Boot.php(67): CodeIgniter\Boot::runCodeIgniter(Object(CodeIgniter\CodeIgniter))
 6 FCPATH\index.php(56): CodeIgniter\Boot::bootWeb(Object(Config\Paths))
CRITICAL - 2025-04-19 09:22:15 --> Error: Class "App\Controllers\StudentModel" not found
[Method: GET, Route: students/create]
in APPPATH\Controllers\StudentsController.php on line 12.
 1 SYSTEMPATH\CodeIgniter.php(903): App\Controllers\StudentsController->__construct()
 2 SYSTEMPATH\CodeIgniter.php(500): CodeIgniter\CodeIgniter->createController()
 3 SYSTEMPATH\CodeIgniter.php(355): CodeIgniter\CodeIgniter->handleRequest(null, Object(Config\Cache), false)
 4 SYSTEMPATH\Boot.php(325): CodeIgniter\CodeIgniter->run()
 5 SYSTEMPATH\Boot.php(67): CodeIgniter\Boot::runCodeIgniter(Object(CodeIgniter\CodeIgniter))
 6 FCPATH\index.php(56): CodeIgniter\Boot::bootWeb(Object(Config\Paths))
CRITICAL - 2025-04-19 09:22:26 --> ErrorException: Namespace declaration statement has to be the very first statement or after any declare call in the script
[Method: GET, Route: students/create]
in APPPATH\Models\StudentsModel.php on line 5.
 1 [internal function]: CodeIgniter\Debug\Exceptions->shutdownHandler()
CRITICAL - 2025-04-19 09:23:06 --> Error: Call to undefined method App\Controllers\StudentsController::initController()
[Method: GET, Route: students/create]
in SYSTEMPATH\CodeIgniter.php on line 904.
 1 SYSTEMPATH\CodeIgniter.php(500): CodeIgniter\CodeIgniter->createController()
 2 SYSTEMPATH\CodeIgniter.php(355): CodeIgniter\CodeIgniter->handleRequest(null, Object(Config\Cache), false)
 3 SYSTEMPATH\Boot.php(325): CodeIgniter\CodeIgniter->run()
 4 SYSTEMPATH\Boot.php(67): CodeIgniter\Boot::runCodeIgniter(Object(CodeIgniter\CodeIgniter))
 5 FCPATH\index.php(56): CodeIgniter\Boot::bootWeb(Object(Config\Paths))
CRITICAL - 2025-04-19 09:26:05 --> Error: Cannot call constructor
[Method: GET, Route: students/create]
in APPPATH\Controllers\StudentsController.php on line 13.
 1 SYSTEMPATH\CodeIgniter.php(903): App\Controllers\StudentsController->__construct()
 2 SYSTEMPATH\CodeIgniter.php(500): CodeIgniter\CodeIgniter->createController()
 3 SYSTEMPATH\CodeIgniter.php(355): CodeIgniter\CodeIgniter->handleRequest(null, Object(Config\Cache), false)
 4 SYSTEMPATH\Boot.php(325): CodeIgniter\CodeIgniter->run()
 5 SYSTEMPATH\Boot.php(67): CodeIgniter\Boot::runCodeIgniter(Object(CodeIgniter\CodeIgniter))
 6 FCPATH\index.php(56): CodeIgniter\Boot::bootWeb(Object(Config\Paths))
CRITICAL - 2025-04-19 09:26:42 --> Error: Cannot call constructor
[Method: GET, Route: students/create]
in APPPATH\Controllers\StudentsController.php on line 13.
 1 SYSTEMPATH\CodeIgniter.php(903): App\Controllers\StudentsController->__construct()
 2 SYSTEMPATH\CodeIgniter.php(500): CodeIgniter\CodeIgniter->createController()
 3 SYSTEMPATH\CodeIgniter.php(355): CodeIgniter\CodeIgniter->handleRequest(null, Object(Config\Cache), false)
 4 SYSTEMPATH\Boot.php(325): CodeIgniter\CodeIgniter->run()
 5 SYSTEMPATH\Boot.php(67): CodeIgniter\Boot::runCodeIgniter(Object(CodeIgniter\CodeIgniter))
 6 FCPATH\index.php(56): CodeIgniter\Boot::bootWeb(Object(Config\Paths))
CRITICAL - 2025-04-19 09:26:52 --> Error: Cannot call constructor
[Method: GET, Route: students/create]
in APPPATH\Controllers\StudentsController.php on line 13.
 1 SYSTEMPATH\CodeIgniter.php(903): App\Controllers\StudentsController->__construct()
 2 SYSTEMPATH\CodeIgniter.php(500): CodeIgniter\CodeIgniter->createController()
 3 SYSTEMPATH\CodeIgniter.php(355): CodeIgniter\CodeIgniter->handleRequest(null, Object(Config\Cache), false)
 4 SYSTEMPATH\Boot.php(325): CodeIgniter\CodeIgniter->run()
 5 SYSTEMPATH\Boot.php(67): CodeIgniter\Boot::runCodeIgniter(Object(CodeIgniter\CodeIgniter))
 6 FCPATH\index.php(56): CodeIgniter\Boot::bootWeb(Object(Config\Paths))
INFO - 2025-04-19 10:11:57 --> Session: Class initialized using 'CodeIgniter\Session\Handlers\FileHandler' driver.
INFO - 2025-04-19 10:14:34 --> Session: Class initialized using 'CodeIgniter\Session\Handlers\FileHandler' driver.
INFO - 2025-04-19 10:14:36 --> Session: Class initialized using 'CodeIgniter\Session\Handlers\FileHandler' driver.
INFO - 2025-04-19 10:15:03 --> Session: Class initialized using 'CodeIgniter\Session\Handlers\FileHandler' driver.
INFO - 2025-04-19 10:16:09 --> Session: Class initialized using 'CodeIgniter\Session\Handlers\FileHandler' driver.
INFO - 2025-04-19 10:18:23 --> Session: Class initialized using 'CodeIgniter\Session\Handlers\FileHandler' driver.
INFO - 2025-04-19 10:18:35 --> Session: Class initialized using 'CodeIgniter\Session\Handlers\FileHandler' driver.
INFO - 2025-04-19 10:19:46 --> Session: Class initialized using 'CodeIgniter\Session\Handlers\FileHandler' driver.
INFO - 2025-04-19 10:20:28 --> Session: Class initialized using 'CodeIgniter\Session\Handlers\FileHandler' driver.
INFO - 2025-04-19 10:20:35 --> Session: Class initialized using 'CodeIgniter\Session\Handlers\FileHandler' driver.
INFO - 2025-04-19 10:20:39 --> Session: Class initialized using 'CodeIgniter\Session\Handlers\FileHandler' driver.
INFO - 2025-04-19 10:21:24 --> Session: Class initialized using 'CodeIgniter\Session\Handlers\FileHandler' driver.
INFO - 2025-04-19 10:21:30 --> Session: Class initialized using 'CodeIgniter\Session\Handlers\FileHandler' driver.
INFO - 2025-04-19 10:21:50 --> Session: Class initialized using 'CodeIgniter\Session\Handlers\FileHandler' driver.
INFO - 2025-04-19 10:22:29 --> Session: Class initialized using 'CodeIgniter\Session\Handlers\FileHandler' driver.
INFO - 2025-04-19 10:22:41 --> Session: Class initialized using 'CodeIgniter\Session\Handlers\FileHandler' driver.
INFO - 2025-04-19 10:24:34 --> Session: Class initialized using 'CodeIgniter\Session\Handlers\FileHandler' driver.
INFO - 2025-04-19 10:25:09 --> Session: Class initialized using 'CodeIgniter\Session\Handlers\FileHandler' driver.
INFO - 2025-04-19 10:25:33 --> Session: Class initialized using 'CodeIgniter\Session\Handlers\FileHandler' driver.
INFO - 2025-04-19 10:25:37 --> Session: Class initialized using 'CodeIgniter\Session\Handlers\FileHandler' driver.
INFO - 2025-04-19 10:41:29 --> Session: Class initialized using 'CodeIgniter\Session\Handlers\FileHandler' driver.
INFO - 2025-04-19 10:43:45 --> Session: Class initialized using 'CodeIgniter\Session\Handlers\FileHandler' driver.
INFO - 2025-04-19 10:43:46 --> Session: Class initialized using 'CodeIgniter\Session\Handlers\FileHandler' driver.
ERROR - 2025-04-19 10:44:06 --> Error connecting to the database: mysqli_sql_exception: Access denied for user 'root'@'localhost' (using password: YES) in C:\xampp\htdocs\cc115_crud\system\Database\MySQLi\Connection.php:186
Stack trace:
#0 C:\xampp\htdocs\cc115_crud\system\Database\MySQLi\Connection.php(186): mysqli->real_connect('localhost', 'root', Object(SensitiveParameterValue), 'ci4', 3306, '', 0)
#1 C:\xampp\htdocs\cc115_crud\system\Database\BaseConnection.php(421): CodeIgniter\Database\MySQLi\Connection->connect(false)
#2 C:\xampp\htdocs\cc115_crud\system\Database\BaseConnection.php(616): CodeIgniter\Database\BaseConnection->initialize()
#3 C:\xampp\htdocs\cc115_crud\system\Database\BaseBuilder.php(2340): CodeIgniter\Database\BaseConnection->query('INSERT INTO `tb...', Array, false)
#4 C:\xampp\htdocs\cc115_crud\system\Model.php(394): CodeIgniter\Database\BaseBuilder->insert()
#5 C:\xampp\htdocs\cc115_crud\system\BaseModel.php(840): CodeIgniter\Model->doInsert(Array)
#6 C:\xampp\htdocs\cc115_crud\system\Model.php(802): CodeIgniter\BaseModel->insert(Array, true)
#7 C:\xampp\htdocs\cc115_crud\app\Controllers\StudentsController.php(46): CodeIgniter\Model->insert(Array)
#8 C:\xampp\htdocs\cc115_crud\system\CodeIgniter.php(933): App\Controllers\StudentsController->store()
#9 C:\xampp\htdocs\cc115_crud\system\CodeIgniter.php(509): CodeIgniter\CodeIgniter->runController(Object(App\Controllers\StudentsController))
#10 C:\xampp\htdocs\cc115_crud\system\CodeIgniter.php(355): CodeIgniter\CodeIgniter->handleRequest(NULL, Object(Config\Cache), false)
#11 C:\xampp\htdocs\cc115_crud\system\Boot.php(325): CodeIgniter\CodeIgniter->run()
#12 C:\xampp\htdocs\cc115_crud\system\Boot.php(67): CodeIgniter\Boot::runCodeIgniter(Object(CodeIgniter\CodeIgniter))
#13 C:\xampp\htdocs\cc115_crud\index.php(56): CodeIgniter\Boot::bootWeb(Object(Config\Paths))
#14 {main}

Next CodeIgniter\Database\Exceptions\DatabaseException: Access denied for user '****'@'localhost' (using password: YES) in C:\xampp\htdocs\cc115_crud\system\Database\MySQLi\Connection.php:231
Stack trace:
#0 C:\xampp\htdocs\cc115_crud\system\Database\BaseConnection.php(421): CodeIgniter\Database\MySQLi\Connection->connect(false)
#1 C:\xampp\htdocs\cc115_crud\system\Database\BaseConnection.php(616): CodeIgniter\Database\BaseConnection->initialize()
#2 C:\xampp\htdocs\cc115_crud\system\Database\BaseBuilder.php(2340): CodeIgniter\Database\BaseConnection->query('INSERT INTO `tb...', Array, false)
#3 C:\xampp\htdocs\cc115_crud\system\Model.php(394): CodeIgniter\Database\BaseBuilder->insert()
#4 C:\xampp\htdocs\cc115_crud\system\BaseModel.php(840): CodeIgniter\Model->doInsert(Array)
#5 C:\xampp\htdocs\cc115_crud\system\Model.php(802): CodeIgniter\BaseModel->insert(Array, true)
#6 C:\xampp\htdocs\cc115_crud\app\Controllers\StudentsController.php(46): CodeIgniter\Model->insert(Array)
#7 C:\xampp\htdocs\cc115_crud\system\CodeIgniter.php(933): App\Controllers\StudentsController->store()
#8 C:\xampp\htdocs\cc115_crud\system\CodeIgniter.php(509): CodeIgniter\CodeIgniter->runController(Object(App\Controllers\StudentsController))
#9 C:\xampp\htdocs\cc115_crud\system\CodeIgniter.php(355): CodeIgniter\CodeIgniter->handleRequest(NULL, Object(Config\Cache), false)
#10 C:\xampp\htdocs\cc115_crud\system\Boot.php(325): CodeIgniter\CodeIgniter->run()
#11 C:\xampp\htdocs\cc115_crud\system\Boot.php(67): CodeIgniter\Boot::runCodeIgniter(Object(CodeIgniter\CodeIgniter))
#12 C:\xampp\htdocs\cc115_crud\index.php(56): CodeIgniter\Boot::bootWeb(Object(Config\Paths))
#13 {main}
CRITICAL - 2025-04-19 10:44:06 --> CodeIgniter\Database\Exceptions\DatabaseException: Unable to connect to the database.
Main connection [MySQLi]: Access denied for user '****'@'localhost' (using password: YES)
[Method: POST, Route: students/store]
in SYSTEMPATH\Database\BaseConnection.php on line 467.
 1 SYSTEMPATH\Database\BaseConnection.php(616): CodeIgniter\Database\BaseConnection->initialize()
 2 SYSTEMPATH\Database\BaseBuilder.php(2340): CodeIgniter\Database\BaseConnection->query('INSERT INTO `tbl_students` (`student_name`, `student_year`, `student_section`, `student_course`, `created_at`, `updated_at`) VALUES (:student_name:, :student_year:, :student_section:, :student_course:, :created_at:, :updated_at:)', [...], false)
 3 SYSTEMPATH\Model.php(394): CodeIgniter\Database\BaseBuilder->insert()
 4 SYSTEMPATH\BaseModel.php(840): CodeIgniter\Model->doInsert([...])
 5 SYSTEMPATH\Model.php(802): CodeIgniter\BaseModel->insert([...], true)
 6 APPPATH\Controllers\StudentsController.php(46): CodeIgniter\Model->insert([...])
 7 SYSTEMPATH\CodeIgniter.php(933): App\Controllers\StudentsController->store()
 8 SYSTEMPATH\CodeIgniter.php(509): CodeIgniter\CodeIgniter->runController(Object(App\Controllers\StudentsController))
 9 SYSTEMPATH\CodeIgniter.php(355): CodeIgniter\CodeIgniter->handleRequest(null, Object(Config\Cache), false)
10 SYSTEMPATH\Boot.php(325): CodeIgniter\CodeIgniter->run()
11 SYSTEMPATH\Boot.php(67): CodeIgniter\Boot::runCodeIgniter(Object(CodeIgniter\CodeIgniter))
12 FCPATH\index.php(56): CodeIgniter\Boot::bootWeb(Object(Config\Paths))
ERROR - 2025-04-19 10:56:12 --> Error connecting to the database: mysqli_sql_exception: Access denied for user 'root'@'localhost' (using password: YES) in C:\xampp\htdocs\cc115_crud\system\Database\MySQLi\Connection.php:186
Stack trace:
#0 C:\xampp\htdocs\cc115_crud\system\Database\MySQLi\Connection.php(186): mysqli->real_connect('localhost', 'root', Object(SensitiveParameterValue), 'ci4', 3306, '', 0)
#1 C:\xampp\htdocs\cc115_crud\system\Database\BaseConnection.php(421): CodeIgniter\Database\MySQLi\Connection->connect(false)
#2 C:\xampp\htdocs\cc115_crud\system\Database\BaseConnection.php(616): CodeIgniter\Database\BaseConnection->initialize()
#3 C:\xampp\htdocs\cc115_crud\system\Database\BaseBuilder.php(2340): CodeIgniter\Database\BaseConnection->query('INSERT INTO `tb...', Array, false)
#4 C:\xampp\htdocs\cc115_crud\system\Model.php(394): CodeIgniter\Database\BaseBuilder->insert()
#5 C:\xampp\htdocs\cc115_crud\system\BaseModel.php(840): CodeIgniter\Model->doInsert(Array)
#6 C:\xampp\htdocs\cc115_crud\system\Model.php(802): CodeIgniter\BaseModel->insert(Array, true)
#7 C:\xampp\htdocs\cc115_crud\app\Controllers\StudentsController.php(46): CodeIgniter\Model->insert(Array)
#8 C:\xampp\htdocs\cc115_crud\system\CodeIgniter.php(933): App\Controllers\StudentsController->store()
#9 C:\xampp\htdocs\cc115_crud\system\CodeIgniter.php(509): CodeIgniter\CodeIgniter->runController(Object(App\Controllers\StudentsController))
#10 C:\xampp\htdocs\cc115_crud\system\CodeIgniter.php(355): CodeIgniter\CodeIgniter->handleRequest(NULL, Object(Config\Cache), false)
#11 C:\xampp\htdocs\cc115_crud\system\Boot.php(325): CodeIgniter\CodeIgniter->run()
#12 C:\xampp\htdocs\cc115_crud\system\Boot.php(67): CodeIgniter\Boot::runCodeIgniter(Object(CodeIgniter\CodeIgniter))
#13 C:\xampp\htdocs\cc115_crud\index.php(56): CodeIgniter\Boot::bootWeb(Object(Config\Paths))
#14 {main}

Next CodeIgniter\Database\Exceptions\DatabaseException: Access denied for user '****'@'localhost' (using password: YES) in C:\xampp\htdocs\cc115_crud\system\Database\MySQLi\Connection.php:231
Stack trace:
#0 C:\xampp\htdocs\cc115_crud\system\Database\BaseConnection.php(421): CodeIgniter\Database\MySQLi\Connection->connect(false)
#1 C:\xampp\htdocs\cc115_crud\system\Database\BaseConnection.php(616): CodeIgniter\Database\BaseConnection->initialize()
#2 C:\xampp\htdocs\cc115_crud\system\Database\BaseBuilder.php(2340): CodeIgniter\Database\BaseConnection->query('INSERT INTO `tb...', Array, false)
#3 C:\xampp\htdocs\cc115_crud\system\Model.php(394): CodeIgniter\Database\BaseBuilder->insert()
#4 C:\xampp\htdocs\cc115_crud\system\BaseModel.php(840): CodeIgniter\Model->doInsert(Array)
#5 C:\xampp\htdocs\cc115_crud\system\Model.php(802): CodeIgniter\BaseModel->insert(Array, true)
#6 C:\xampp\htdocs\cc115_crud\app\Controllers\StudentsController.php(46): CodeIgniter\Model->insert(Array)
#7 C:\xampp\htdocs\cc115_crud\system\CodeIgniter.php(933): App\Controllers\StudentsController->store()
#8 C:\xampp\htdocs\cc115_crud\system\CodeIgniter.php(509): CodeIgniter\CodeIgniter->runController(Object(App\Controllers\StudentsController))
#9 C:\xampp\htdocs\cc115_crud\system\CodeIgniter.php(355): CodeIgniter\CodeIgniter->handleRequest(NULL, Object(Config\Cache), false)
#10 C:\xampp\htdocs\cc115_crud\system\Boot.php(325): CodeIgniter\CodeIgniter->run()
#11 C:\xampp\htdocs\cc115_crud\system\Boot.php(67): CodeIgniter\Boot::runCodeIgniter(Object(CodeIgniter\CodeIgniter))
#12 C:\xampp\htdocs\cc115_crud\index.php(56): CodeIgniter\Boot::bootWeb(Object(Config\Paths))
#13 {main}
CRITICAL - 2025-04-19 10:56:12 --> CodeIgniter\Database\Exceptions\DatabaseException: Unable to connect to the database.
Main connection [MySQLi]: Access denied for user '****'@'localhost' (using password: YES)
[Method: POST, Route: students/store]
in SYSTEMPATH\Database\BaseConnection.php on line 467.
 1 SYSTEMPATH\Database\BaseConnection.php(616): CodeIgniter\Database\BaseConnection->initialize()
 2 SYSTEMPATH\Database\BaseBuilder.php(2340): CodeIgniter\Database\BaseConnection->query('INSERT INTO `tbl_students` (`student_name`, `student_year`, `student_section`, `student_course`, `created_at`, `updated_at`) VALUES (:student_name:, :student_year:, :student_section:, :student_course:, :created_at:, :updated_at:)', [...], false)
 3 SYSTEMPATH\Model.php(394): CodeIgniter\Database\BaseBuilder->insert()
 4 SYSTEMPATH\BaseModel.php(840): CodeIgniter\Model->doInsert([...])
 5 SYSTEMPATH\Model.php(802): CodeIgniter\BaseModel->insert([...], true)
 6 APPPATH\Controllers\StudentsController.php(46): CodeIgniter\Model->insert([...])
 7 SYSTEMPATH\CodeIgniter.php(933): App\Controllers\StudentsController->store()
 8 SYSTEMPATH\CodeIgniter.php(509): CodeIgniter\CodeIgniter->runController(Object(App\Controllers\StudentsController))
 9 SYSTEMPATH\CodeIgniter.php(355): CodeIgniter\CodeIgniter->handleRequest(null, Object(Config\Cache), false)
10 SYSTEMPATH\Boot.php(325): CodeIgniter\CodeIgniter->run()
11 SYSTEMPATH\Boot.php(67): CodeIgniter\Boot::runCodeIgniter(Object(CodeIgniter\CodeIgniter))
12 FCPATH\index.php(56): CodeIgniter\Boot::bootWeb(Object(Config\Paths))
INFO - 2025-04-19 10:56:17 --> Session: Class initialized using 'CodeIgniter\Session\Handlers\FileHandler' driver.
INFO - 2025-04-19 10:56:19 --> Session: Class initialized using 'CodeIgniter\Session\Handlers\FileHandler' driver.
ERROR - 2025-04-19 10:56:41 --> Error connecting to the database: mysqli_sql_exception: Access denied for user 'root'@'localhost' (using password: YES) in C:\xampp\htdocs\cc115_crud\system\Database\MySQLi\Connection.php:186
Stack trace:
#0 C:\xampp\htdocs\cc115_crud\system\Database\MySQLi\Connection.php(186): mysqli->real_connect('localhost', 'root', Object(SensitiveParameterValue), 'ci4', 3306, '', 0)
#1 C:\xampp\htdocs\cc115_crud\system\Database\BaseConnection.php(421): CodeIgniter\Database\MySQLi\Connection->connect(false)
#2 C:\xampp\htdocs\cc115_crud\system\Database\BaseConnection.php(616): CodeIgniter\Database\BaseConnection->initialize()
#3 C:\xampp\htdocs\cc115_crud\system\Database\BaseBuilder.php(2340): CodeIgniter\Database\BaseConnection->query('INSERT INTO `tb...', Array, false)
#4 C:\xampp\htdocs\cc115_crud\system\Model.php(394): CodeIgniter\Database\BaseBuilder->insert()
#5 C:\xampp\htdocs\cc115_crud\system\BaseModel.php(840): CodeIgniter\Model->doInsert(Array)
#6 C:\xampp\htdocs\cc115_crud\system\Model.php(802): CodeIgniter\BaseModel->insert(Array, true)
#7 C:\xampp\htdocs\cc115_crud\app\Controllers\StudentsController.php(46): CodeIgniter\Model->insert(Array)
#8 C:\xampp\htdocs\cc115_crud\system\CodeIgniter.php(933): App\Controllers\StudentsController->store()
#9 C:\xampp\htdocs\cc115_crud\system\CodeIgniter.php(509): CodeIgniter\CodeIgniter->runController(Object(App\Controllers\StudentsController))
#10 C:\xampp\htdocs\cc115_crud\system\CodeIgniter.php(355): CodeIgniter\CodeIgniter->handleRequest(NULL, Object(Config\Cache), false)
#11 C:\xampp\htdocs\cc115_crud\system\Boot.php(325): CodeIgniter\CodeIgniter->run()
#12 C:\xampp\htdocs\cc115_crud\system\Boot.php(67): CodeIgniter\Boot::runCodeIgniter(Object(CodeIgniter\CodeIgniter))
#13 C:\xampp\htdocs\cc115_crud\index.php(56): CodeIgniter\Boot::bootWeb(Object(Config\Paths))
#14 {main}

Next CodeIgniter\Database\Exceptions\DatabaseException: Access denied for user '****'@'localhost' (using password: YES) in C:\xampp\htdocs\cc115_crud\system\Database\MySQLi\Connection.php:231
Stack trace:
#0 C:\xampp\htdocs\cc115_crud\system\Database\BaseConnection.php(421): CodeIgniter\Database\MySQLi\Connection->connect(false)
#1 C:\xampp\htdocs\cc115_crud\system\Database\BaseConnection.php(616): CodeIgniter\Database\BaseConnection->initialize()
#2 C:\xampp\htdocs\cc115_crud\system\Database\BaseBuilder.php(2340): CodeIgniter\Database\BaseConnection->query('INSERT INTO `tb...', Array, false)
#3 C:\xampp\htdocs\cc115_crud\system\Model.php(394): CodeIgniter\Database\BaseBuilder->insert()
#4 C:\xampp\htdocs\cc115_crud\system\BaseModel.php(840): CodeIgniter\Model->doInsert(Array)
#5 C:\xampp\htdocs\cc115_crud\system\Model.php(802): CodeIgniter\BaseModel->insert(Array, true)
#6 C:\xampp\htdocs\cc115_crud\app\Controllers\StudentsController.php(46): CodeIgniter\Model->insert(Array)
#7 C:\xampp\htdocs\cc115_crud\system\CodeIgniter.php(933): App\Controllers\StudentsController->store()
#8 C:\xampp\htdocs\cc115_crud\system\CodeIgniter.php(509): CodeIgniter\CodeIgniter->runController(Object(App\Controllers\StudentsController))
#9 C:\xampp\htdocs\cc115_crud\system\CodeIgniter.php(355): CodeIgniter\CodeIgniter->handleRequest(NULL, Object(Config\Cache), false)
#10 C:\xampp\htdocs\cc115_crud\system\Boot.php(325): CodeIgniter\CodeIgniter->run()
#11 C:\xampp\htdocs\cc115_crud\system\Boot.php(67): CodeIgniter\Boot::runCodeIgniter(Object(CodeIgniter\CodeIgniter))
#12 C:\xampp\htdocs\cc115_crud\index.php(56): CodeIgniter\Boot::bootWeb(Object(Config\Paths))
#13 {main}
CRITICAL - 2025-04-19 10:56:41 --> CodeIgniter\Database\Exceptions\DatabaseException: Unable to connect to the database.
Main connection [MySQLi]: Access denied for user '****'@'localhost' (using password: YES)
[Method: POST, Route: students/store]
in SYSTEMPATH\Database\BaseConnection.php on line 467.
 1 SYSTEMPATH\Database\BaseConnection.php(616): CodeIgniter\Database\BaseConnection->initialize()
 2 SYSTEMPATH\Database\BaseBuilder.php(2340): CodeIgniter\Database\BaseConnection->query('INSERT INTO `tbl_students` (`student_name`, `student_year`, `student_section`, `student_course`, `created_at`, `updated_at`) VALUES (:student_name:, :student_year:, :student_section:, :student_course:, :created_at:, :updated_at:)', [...], false)
 3 SYSTEMPATH\Model.php(394): CodeIgniter\Database\BaseBuilder->insert()
 4 SYSTEMPATH\BaseModel.php(840): CodeIgniter\Model->doInsert([...])
 5 SYSTEMPATH\Model.php(802): CodeIgniter\BaseModel->insert([...], true)
 6 APPPATH\Controllers\StudentsController.php(46): CodeIgniter\Model->insert([...])
 7 SYSTEMPATH\CodeIgniter.php(933): App\Controllers\StudentsController->store()
 8 SYSTEMPATH\CodeIgniter.php(509): CodeIgniter\CodeIgniter->runController(Object(App\Controllers\StudentsController))
 9 SYSTEMPATH\CodeIgniter.php(355): CodeIgniter\CodeIgniter->handleRequest(null, Object(Config\Cache), false)
10 SYSTEMPATH\Boot.php(325): CodeIgniter\CodeIgniter->run()
11 SYSTEMPATH\Boot.php(67): CodeIgniter\Boot::runCodeIgniter(Object(CodeIgniter\CodeIgniter))
12 FCPATH\index.php(56): CodeIgniter\Boot::bootWeb(Object(Config\Paths))
ERROR - 2025-04-19 10:57:51 --> Error connecting to the database: mysqli_sql_exception: Access denied for user 'root'@'localhost' (using password: YES) in C:\xampp\htdocs\cc115_crud\system\Database\MySQLi\Connection.php:186
Stack trace:
#0 C:\xampp\htdocs\cc115_crud\system\Database\MySQLi\Connection.php(186): mysqli->real_connect('localhost', 'root', Object(SensitiveParameterValue), 'ci4', 3306, '', 0)
#1 C:\xampp\htdocs\cc115_crud\system\Database\BaseConnection.php(421): CodeIgniter\Database\MySQLi\Connection->connect(false)
#2 C:\xampp\htdocs\cc115_crud\system\Database\BaseConnection.php(616): CodeIgniter\Database\BaseConnection->initialize()
#3 C:\xampp\htdocs\cc115_crud\system\Database\BaseBuilder.php(2340): CodeIgniter\Database\BaseConnection->query('INSERT INTO `tb...', Array, false)
#4 C:\xampp\htdocs\cc115_crud\system\Model.php(394): CodeIgniter\Database\BaseBuilder->insert()
#5 C:\xampp\htdocs\cc115_crud\system\BaseModel.php(840): CodeIgniter\Model->doInsert(Array)
#6 C:\xampp\htdocs\cc115_crud\system\Model.php(802): CodeIgniter\BaseModel->insert(Array, true)
#7 C:\xampp\htdocs\cc115_crud\app\Controllers\StudentsController.php(46): CodeIgniter\Model->insert(Array)
#8 C:\xampp\htdocs\cc115_crud\system\CodeIgniter.php(933): App\Controllers\StudentsController->store()
#9 C:\xampp\htdocs\cc115_crud\system\CodeIgniter.php(509): CodeIgniter\CodeIgniter->runController(Object(App\Controllers\StudentsController))
#10 C:\xampp\htdocs\cc115_crud\system\CodeIgniter.php(355): CodeIgniter\CodeIgniter->handleRequest(NULL, Object(Config\Cache), false)
#11 C:\xampp\htdocs\cc115_crud\system\Boot.php(325): CodeIgniter\CodeIgniter->run()
#12 C:\xampp\htdocs\cc115_crud\system\Boot.php(67): CodeIgniter\Boot::runCodeIgniter(Object(CodeIgniter\CodeIgniter))
#13 C:\xampp\htdocs\cc115_crud\index.php(56): CodeIgniter\Boot::bootWeb(Object(Config\Paths))
#14 {main}

Next CodeIgniter\Database\Exceptions\DatabaseException: Access denied for user '****'@'localhost' (using password: YES) in C:\xampp\htdocs\cc115_crud\system\Database\MySQLi\Connection.php:231
Stack trace:
#0 C:\xampp\htdocs\cc115_crud\system\Database\BaseConnection.php(421): CodeIgniter\Database\MySQLi\Connection->connect(false)
#1 C:\xampp\htdocs\cc115_crud\system\Database\BaseConnection.php(616): CodeIgniter\Database\BaseConnection->initialize()
#2 C:\xampp\htdocs\cc115_crud\system\Database\BaseBuilder.php(2340): CodeIgniter\Database\BaseConnection->query('INSERT INTO `tb...', Array, false)
#3 C:\xampp\htdocs\cc115_crud\system\Model.php(394): CodeIgniter\Database\BaseBuilder->insert()
#4 C:\xampp\htdocs\cc115_crud\system\BaseModel.php(840): CodeIgniter\Model->doInsert(Array)
#5 C:\xampp\htdocs\cc115_crud\system\Model.php(802): CodeIgniter\BaseModel->insert(Array, true)
#6 C:\xampp\htdocs\cc115_crud\app\Controllers\StudentsController.php(46): CodeIgniter\Model->insert(Array)
#7 C:\xampp\htdocs\cc115_crud\system\CodeIgniter.php(933): App\Controllers\StudentsController->store()
#8 C:\xampp\htdocs\cc115_crud\system\CodeIgniter.php(509): CodeIgniter\CodeIgniter->runController(Object(App\Controllers\StudentsController))
#9 C:\xampp\htdocs\cc115_crud\system\CodeIgniter.php(355): CodeIgniter\CodeIgniter->handleRequest(NULL, Object(Config\Cache), false)
#10 C:\xampp\htdocs\cc115_crud\system\Boot.php(325): CodeIgniter\CodeIgniter->run()
#11 C:\xampp\htdocs\cc115_crud\system\Boot.php(67): CodeIgniter\Boot::runCodeIgniter(Object(CodeIgniter\CodeIgniter))
#12 C:\xampp\htdocs\cc115_crud\index.php(56): CodeIgniter\Boot::bootWeb(Object(Config\Paths))
#13 {main}
CRITICAL - 2025-04-19 10:57:51 --> CodeIgniter\Database\Exceptions\DatabaseException: Unable to connect to the database.
Main connection [MySQLi]: Access denied for user '****'@'localhost' (using password: YES)
[Method: POST, Route: students/store]
in SYSTEMPATH\Database\BaseConnection.php on line 467.
 1 SYSTEMPATH\Database\BaseConnection.php(616): CodeIgniter\Database\BaseConnection->initialize()
 2 SYSTEMPATH\Database\BaseBuilder.php(2340): CodeIgniter\Database\BaseConnection->query('INSERT INTO `tbl_students` (`student_name`, `student_year`, `student_section`, `student_course`, `created_at`, `updated_at`) VALUES (:student_name:, :student_year:, :student_section:, :student_course:, :created_at:, :updated_at:)', [...], false)
 3 SYSTEMPATH\Model.php(394): CodeIgniter\Database\BaseBuilder->insert()
 4 SYSTEMPATH\BaseModel.php(840): CodeIgniter\Model->doInsert([...])
 5 SYSTEMPATH\Model.php(802): CodeIgniter\BaseModel->insert([...], true)
 6 APPPATH\Controllers\StudentsController.php(46): CodeIgniter\Model->insert([...])
 7 SYSTEMPATH\CodeIgniter.php(933): App\Controllers\StudentsController->store()
 8 SYSTEMPATH\CodeIgniter.php(509): CodeIgniter\CodeIgniter->runController(Object(App\Controllers\StudentsController))
 9 SYSTEMPATH\CodeIgniter.php(355): CodeIgniter\CodeIgniter->handleRequest(null, Object(Config\Cache), false)
10 SYSTEMPATH\Boot.php(325): CodeIgniter\CodeIgniter->run()
11 SYSTEMPATH\Boot.php(67): CodeIgniter\Boot::runCodeIgniter(Object(CodeIgniter\CodeIgniter))
12 FCPATH\index.php(56): CodeIgniter\Boot::bootWeb(Object(Config\Paths))
ERROR - 2025-04-19 11:02:37 --> Error connecting to the database: mysqli_sql_exception: Access denied for user 'root'@'localhost' (using password: YES) in C:\xampp\htdocs\cc115_crud\system\Database\MySQLi\Connection.php:186
Stack trace:
#0 C:\xampp\htdocs\cc115_crud\system\Database\MySQLi\Connection.php(186): mysqli->real_connect('localhost', 'root', Object(SensitiveParameterValue), 'cc115_crud', 3306, '', 0)
#1 C:\xampp\htdocs\cc115_crud\system\Database\BaseConnection.php(421): CodeIgniter\Database\MySQLi\Connection->connect(false)
#2 C:\xampp\htdocs\cc115_crud\system\Database\BaseConnection.php(616): CodeIgniter\Database\BaseConnection->initialize()
#3 C:\xampp\htdocs\cc115_crud\system\Database\BaseBuilder.php(2340): CodeIgniter\Database\BaseConnection->query('INSERT INTO `tb...', Array, false)
#4 C:\xampp\htdocs\cc115_crud\system\Model.php(394): CodeIgniter\Database\BaseBuilder->insert()
#5 C:\xampp\htdocs\cc115_crud\system\BaseModel.php(840): CodeIgniter\Model->doInsert(Array)
#6 C:\xampp\htdocs\cc115_crud\system\Model.php(802): CodeIgniter\BaseModel->insert(Array, true)
#7 C:\xampp\htdocs\cc115_crud\app\Controllers\StudentsController.php(46): CodeIgniter\Model->insert(Array)
#8 C:\xampp\htdocs\cc115_crud\system\CodeIgniter.php(933): App\Controllers\StudentsController->store()
#9 C:\xampp\htdocs\cc115_crud\system\CodeIgniter.php(509): CodeIgniter\CodeIgniter->runController(Object(App\Controllers\StudentsController))
#10 C:\xampp\htdocs\cc115_crud\system\CodeIgniter.php(355): CodeIgniter\CodeIgniter->handleRequest(NULL, Object(Config\Cache), false)
#11 C:\xampp\htdocs\cc115_crud\system\Boot.php(325): CodeIgniter\CodeIgniter->run()
#12 C:\xampp\htdocs\cc115_crud\system\Boot.php(67): CodeIgniter\Boot::runCodeIgniter(Object(CodeIgniter\CodeIgniter))
#13 C:\xampp\htdocs\cc115_crud\index.php(56): CodeIgniter\Boot::bootWeb(Object(Config\Paths))
#14 {main}

Next CodeIgniter\Database\Exceptions\DatabaseException: Access denied for user '****'@'localhost' (using password: YES) in C:\xampp\htdocs\cc115_crud\system\Database\MySQLi\Connection.php:231
Stack trace:
#0 C:\xampp\htdocs\cc115_crud\system\Database\BaseConnection.php(421): CodeIgniter\Database\MySQLi\Connection->connect(false)
#1 C:\xampp\htdocs\cc115_crud\system\Database\BaseConnection.php(616): CodeIgniter\Database\BaseConnection->initialize()
#2 C:\xampp\htdocs\cc115_crud\system\Database\BaseBuilder.php(2340): CodeIgniter\Database\BaseConnection->query('INSERT INTO `tb...', Array, false)
#3 C:\xampp\htdocs\cc115_crud\system\Model.php(394): CodeIgniter\Database\BaseBuilder->insert()
#4 C:\xampp\htdocs\cc115_crud\system\BaseModel.php(840): CodeIgniter\Model->doInsert(Array)
#5 C:\xampp\htdocs\cc115_crud\system\Model.php(802): CodeIgniter\BaseModel->insert(Array, true)
#6 C:\xampp\htdocs\cc115_crud\app\Controllers\StudentsController.php(46): CodeIgniter\Model->insert(Array)
#7 C:\xampp\htdocs\cc115_crud\system\CodeIgniter.php(933): App\Controllers\StudentsController->store()
#8 C:\xampp\htdocs\cc115_crud\system\CodeIgniter.php(509): CodeIgniter\CodeIgniter->runController(Object(App\Controllers\StudentsController))
#9 C:\xampp\htdocs\cc115_crud\system\CodeIgniter.php(355): CodeIgniter\CodeIgniter->handleRequest(NULL, Object(Config\Cache), false)
#10 C:\xampp\htdocs\cc115_crud\system\Boot.php(325): CodeIgniter\CodeIgniter->run()
#11 C:\xampp\htdocs\cc115_crud\system\Boot.php(67): CodeIgniter\Boot::runCodeIgniter(Object(CodeIgniter\CodeIgniter))
#12 C:\xampp\htdocs\cc115_crud\index.php(56): CodeIgniter\Boot::bootWeb(Object(Config\Paths))
#13 {main}
CRITICAL - 2025-04-19 11:02:37 --> CodeIgniter\Database\Exceptions\DatabaseException: Unable to connect to the database.
Main connection [MySQLi]: Access denied for user '****'@'localhost' (using password: YES)
[Method: POST, Route: students/store]
in SYSTEMPATH\Database\BaseConnection.php on line 467.
 1 SYSTEMPATH\Database\BaseConnection.php(616): CodeIgniter\Database\BaseConnection->initialize()
 2 SYSTEMPATH\Database\BaseBuilder.php(2340): CodeIgniter\Database\BaseConnection->query('INSERT INTO `tbl_students` (`student_name`, `student_year`, `student_section`, `student_course`, `created_at`, `updated_at`) VALUES (:student_name:, :student_year:, :student_section:, :student_course:, :created_at:, :updated_at:)', [...], false)
 3 SYSTEMPATH\Model.php(394): CodeIgniter\Database\BaseBuilder->insert()
 4 SYSTEMPATH\BaseModel.php(840): CodeIgniter\Model->doInsert([...])
 5 SYSTEMPATH\Model.php(802): CodeIgniter\BaseModel->insert([...], true)
 6 APPPATH\Controllers\StudentsController.php(46): CodeIgniter\Model->insert([...])
 7 SYSTEMPATH\CodeIgniter.php(933): App\Controllers\StudentsController->store()
 8 SYSTEMPATH\CodeIgniter.php(509): CodeIgniter\CodeIgniter->runController(Object(App\Controllers\StudentsController))
 9 SYSTEMPATH\CodeIgniter.php(355): CodeIgniter\CodeIgniter->handleRequest(null, Object(Config\Cache), false)
10 SYSTEMPATH\Boot.php(325): CodeIgniter\CodeIgniter->run()
11 SYSTEMPATH\Boot.php(67): CodeIgniter\Boot::runCodeIgniter(Object(CodeIgniter\CodeIgniter))
12 FCPATH\index.php(56): CodeIgniter\Boot::bootWeb(Object(Config\Paths))
ERROR - 2025-04-19 11:06:48 --> Error connecting to the database: mysqli_sql_exception: Access denied for user 'root'@'localhost' (using password: YES) in C:\xampp\htdocs\cc115_crud\system\Database\MySQLi\Connection.php:186
Stack trace:
#0 C:\xampp\htdocs\cc115_crud\system\Database\MySQLi\Connection.php(186): mysqli->real_connect('localhost', 'root', Object(SensitiveParameterValue), 'cc115_crud', 3306, '', 0)
#1 C:\xampp\htdocs\cc115_crud\system\Database\BaseConnection.php(421): CodeIgniter\Database\MySQLi\Connection->connect(false)
#2 C:\xampp\htdocs\cc115_crud\system\Database\BaseConnection.php(616): CodeIgniter\Database\BaseConnection->initialize()
#3 C:\xampp\htdocs\cc115_crud\system\Database\BaseBuilder.php(2340): CodeIgniter\Database\BaseConnection->query('INSERT INTO `tb...', Array, false)
#4 C:\xampp\htdocs\cc115_crud\system\Model.php(394): CodeIgniter\Database\BaseBuilder->insert()
#5 C:\xampp\htdocs\cc115_crud\system\BaseModel.php(840): CodeIgniter\Model->doInsert(Array)
#6 C:\xampp\htdocs\cc115_crud\system\Model.php(802): CodeIgniter\BaseModel->insert(Array, true)
#7 C:\xampp\htdocs\cc115_crud\app\Controllers\StudentsController.php(46): CodeIgniter\Model->insert(Array)
#8 C:\xampp\htdocs\cc115_crud\system\CodeIgniter.php(933): App\Controllers\StudentsController->store()
#9 C:\xampp\htdocs\cc115_crud\system\CodeIgniter.php(509): CodeIgniter\CodeIgniter->runController(Object(App\Controllers\StudentsController))
#10 C:\xampp\htdocs\cc115_crud\system\CodeIgniter.php(355): CodeIgniter\CodeIgniter->handleRequest(NULL, Object(Config\Cache), false)
#11 C:\xampp\htdocs\cc115_crud\system\Boot.php(325): CodeIgniter\CodeIgniter->run()
#12 C:\xampp\htdocs\cc115_crud\system\Boot.php(67): CodeIgniter\Boot::runCodeIgniter(Object(CodeIgniter\CodeIgniter))
#13 C:\xampp\htdocs\cc115_crud\index.php(56): CodeIgniter\Boot::bootWeb(Object(Config\Paths))
#14 {main}

Next CodeIgniter\Database\Exceptions\DatabaseException: Access denied for user '****'@'localhost' (using password: YES) in C:\xampp\htdocs\cc115_crud\system\Database\MySQLi\Connection.php:231
Stack trace:
#0 C:\xampp\htdocs\cc115_crud\system\Database\BaseConnection.php(421): CodeIgniter\Database\MySQLi\Connection->connect(false)
#1 C:\xampp\htdocs\cc115_crud\system\Database\BaseConnection.php(616): CodeIgniter\Database\BaseConnection->initialize()
#2 C:\xampp\htdocs\cc115_crud\system\Database\BaseBuilder.php(2340): CodeIgniter\Database\BaseConnection->query('INSERT INTO `tb...', Array, false)
#3 C:\xampp\htdocs\cc115_crud\system\Model.php(394): CodeIgniter\Database\BaseBuilder->insert()
#4 C:\xampp\htdocs\cc115_crud\system\BaseModel.php(840): CodeIgniter\Model->doInsert(Array)
#5 C:\xampp\htdocs\cc115_crud\system\Model.php(802): CodeIgniter\BaseModel->insert(Array, true)
#6 C:\xampp\htdocs\cc115_crud\app\Controllers\StudentsController.php(46): CodeIgniter\Model->insert(Array)
#7 C:\xampp\htdocs\cc115_crud\system\CodeIgniter.php(933): App\Controllers\StudentsController->store()
#8 C:\xampp\htdocs\cc115_crud\system\CodeIgniter.php(509): CodeIgniter\CodeIgniter->runController(Object(App\Controllers\StudentsController))
#9 C:\xampp\htdocs\cc115_crud\system\CodeIgniter.php(355): CodeIgniter\CodeIgniter->handleRequest(NULL, Object(Config\Cache), false)
#10 C:\xampp\htdocs\cc115_crud\system\Boot.php(325): CodeIgniter\CodeIgniter->run()
#11 C:\xampp\htdocs\cc115_crud\system\Boot.php(67): CodeIgniter\Boot::runCodeIgniter(Object(CodeIgniter\CodeIgniter))
#12 C:\xampp\htdocs\cc115_crud\index.php(56): CodeIgniter\Boot::bootWeb(Object(Config\Paths))
#13 {main}
CRITICAL - 2025-04-19 11:06:48 --> CodeIgniter\Database\Exceptions\DatabaseException: Unable to connect to the database.
Main connection [MySQLi]: Access denied for user '****'@'localhost' (using password: YES)
[Method: POST, Route: students/store]
in SYSTEMPATH\Database\BaseConnection.php on line 467.
 1 SYSTEMPATH\Database\BaseConnection.php(616): CodeIgniter\Database\BaseConnection->initialize()
 2 SYSTEMPATH\Database\BaseBuilder.php(2340): CodeIgniter\Database\BaseConnection->query('INSERT INTO `tbl_students` (`student_name`, `student_year`, `student_section`, `student_course`, `created_at`, `updated_at`) VALUES (:student_name:, :student_year:, :student_section:, :student_course:, :created_at:, :updated_at:)', [...], false)
 3 SYSTEMPATH\Model.php(394): CodeIgniter\Database\BaseBuilder->insert()
 4 SYSTEMPATH\BaseModel.php(840): CodeIgniter\Model->doInsert([...])
 5 SYSTEMPATH\Model.php(802): CodeIgniter\BaseModel->insert([...], true)
 6 APPPATH\Controllers\StudentsController.php(46): CodeIgniter\Model->insert([...])
 7 SYSTEMPATH\CodeIgniter.php(933): App\Controllers\StudentsController->store()
 8 SYSTEMPATH\CodeIgniter.php(509): CodeIgniter\CodeIgniter->runController(Object(App\Controllers\StudentsController))
 9 SYSTEMPATH\CodeIgniter.php(355): CodeIgniter\CodeIgniter->handleRequest(null, Object(Config\Cache), false)
10 SYSTEMPATH\Boot.php(325): CodeIgniter\CodeIgniter->run()
11 SYSTEMPATH\Boot.php(67): CodeIgniter\Boot::runCodeIgniter(Object(CodeIgniter\CodeIgniter))
12 FCPATH\index.php(56): CodeIgniter\Boot::bootWeb(Object(Config\Paths))
ERROR - 2025-04-19 11:07:13 --> Error connecting to the database: mysqli_sql_exception: Access denied for user 'root'@'localhost' (using password: YES) in C:\xampp\htdocs\cc115_crud\system\Database\MySQLi\Connection.php:186
Stack trace:
#0 C:\xampp\htdocs\cc115_crud\system\Database\MySQLi\Connection.php(186): mysqli->real_connect('localhost', 'root', Object(SensitiveParameterValue), 'cc115_crud', 3306, '', 0)
#1 C:\xampp\htdocs\cc115_crud\system\Database\BaseConnection.php(421): CodeIgniter\Database\MySQLi\Connection->connect(false)
#2 C:\xampp\htdocs\cc115_crud\system\Database\BaseConnection.php(616): CodeIgniter\Database\BaseConnection->initialize()
#3 C:\xampp\htdocs\cc115_crud\system\Database\BaseBuilder.php(2340): CodeIgniter\Database\BaseConnection->query('INSERT INTO `tb...', Array, false)
#4 C:\xampp\htdocs\cc115_crud\system\Model.php(394): CodeIgniter\Database\BaseBuilder->insert()
#5 C:\xampp\htdocs\cc115_crud\system\BaseModel.php(840): CodeIgniter\Model->doInsert(Array)
#6 C:\xampp\htdocs\cc115_crud\system\Model.php(802): CodeIgniter\BaseModel->insert(Array, true)
#7 C:\xampp\htdocs\cc115_crud\app\Controllers\StudentsController.php(46): CodeIgniter\Model->insert(Array)
#8 C:\xampp\htdocs\cc115_crud\system\CodeIgniter.php(933): App\Controllers\StudentsController->store()
#9 C:\xampp\htdocs\cc115_crud\system\CodeIgniter.php(509): CodeIgniter\CodeIgniter->runController(Object(App\Controllers\StudentsController))
#10 C:\xampp\htdocs\cc115_crud\system\CodeIgniter.php(355): CodeIgniter\CodeIgniter->handleRequest(NULL, Object(Config\Cache), false)
#11 C:\xampp\htdocs\cc115_crud\system\Boot.php(325): CodeIgniter\CodeIgniter->run()
#12 C:\xampp\htdocs\cc115_crud\system\Boot.php(67): CodeIgniter\Boot::runCodeIgniter(Object(CodeIgniter\CodeIgniter))
#13 C:\xampp\htdocs\cc115_crud\index.php(56): CodeIgniter\Boot::bootWeb(Object(Config\Paths))
#14 {main}

Next CodeIgniter\Database\Exceptions\DatabaseException: Access denied for user '****'@'localhost' (using password: YES) in C:\xampp\htdocs\cc115_crud\system\Database\MySQLi\Connection.php:231
Stack trace:
#0 C:\xampp\htdocs\cc115_crud\system\Database\BaseConnection.php(421): CodeIgniter\Database\MySQLi\Connection->connect(false)
#1 C:\xampp\htdocs\cc115_crud\system\Database\BaseConnection.php(616): CodeIgniter\Database\BaseConnection->initialize()
#2 C:\xampp\htdocs\cc115_crud\system\Database\BaseBuilder.php(2340): CodeIgniter\Database\BaseConnection->query('INSERT INTO `tb...', Array, false)
#3 C:\xampp\htdocs\cc115_crud\system\Model.php(394): CodeIgniter\Database\BaseBuilder->insert()
#4 C:\xampp\htdocs\cc115_crud\system\BaseModel.php(840): CodeIgniter\Model->doInsert(Array)
#5 C:\xampp\htdocs\cc115_crud\system\Model.php(802): CodeIgniter\BaseModel->insert(Array, true)
#6 C:\xampp\htdocs\cc115_crud\app\Controllers\StudentsController.php(46): CodeIgniter\Model->insert(Array)
#7 C:\xampp\htdocs\cc115_crud\system\CodeIgniter.php(933): App\Controllers\StudentsController->store()
#8 C:\xampp\htdocs\cc115_crud\system\CodeIgniter.php(509): CodeIgniter\CodeIgniter->runController(Object(App\Controllers\StudentsController))
#9 C:\xampp\htdocs\cc115_crud\system\CodeIgniter.php(355): CodeIgniter\CodeIgniter->handleRequest(NULL, Object(Config\Cache), false)
#10 C:\xampp\htdocs\cc115_crud\system\Boot.php(325): CodeIgniter\CodeIgniter->run()
#11 C:\xampp\htdocs\cc115_crud\system\Boot.php(67): CodeIgniter\Boot::runCodeIgniter(Object(CodeIgniter\CodeIgniter))
#12 C:\xampp\htdocs\cc115_crud\index.php(56): CodeIgniter\Boot::bootWeb(Object(Config\Paths))
#13 {main}
CRITICAL - 2025-04-19 11:07:13 --> CodeIgniter\Database\Exceptions\DatabaseException: Unable to connect to the database.
Main connection [MySQLi]: Access denied for user '****'@'localhost' (using password: YES)
[Method: POST, Route: students/store]
in SYSTEMPATH\Database\BaseConnection.php on line 467.
 1 SYSTEMPATH\Database\BaseConnection.php(616): CodeIgniter\Database\BaseConnection->initialize()
 2 SYSTEMPATH\Database\BaseBuilder.php(2340): CodeIgniter\Database\BaseConnection->query('INSERT INTO `tbl_students` (`student_name`, `student_year`, `student_section`, `student_course`, `created_at`, `updated_at`) VALUES (:student_name:, :student_year:, :student_section:, :student_course:, :created_at:, :updated_at:)', [...], false)
 3 SYSTEMPATH\Model.php(394): CodeIgniter\Database\BaseBuilder->insert()
 4 SYSTEMPATH\BaseModel.php(840): CodeIgniter\Model->doInsert([...])
 5 SYSTEMPATH\Model.php(802): CodeIgniter\BaseModel->insert([...], true)
 6 APPPATH\Controllers\StudentsController.php(46): CodeIgniter\Model->insert([...])
 7 SYSTEMPATH\CodeIgniter.php(933): App\Controllers\StudentsController->store()
 8 SYSTEMPATH\CodeIgniter.php(509): CodeIgniter\CodeIgniter->runController(Object(App\Controllers\StudentsController))
 9 SYSTEMPATH\CodeIgniter.php(355): CodeIgniter\CodeIgniter->handleRequest(null, Object(Config\Cache), false)
10 SYSTEMPATH\Boot.php(325): CodeIgniter\CodeIgniter->run()
11 SYSTEMPATH\Boot.php(67): CodeIgniter\Boot::runCodeIgniter(Object(CodeIgniter\CodeIgniter))
12 FCPATH\index.php(56): CodeIgniter\Boot::bootWeb(Object(Config\Paths))
ERROR - 2025-04-19 11:08:21 --> Error connecting to the database: mysqli_sql_exception: Access denied for user ''@'localhost' (using password: NO) in C:\xampp\htdocs\cc115_crud\system\Database\MySQLi\Connection.php:186
Stack trace:
#0 C:\xampp\htdocs\cc115_crud\system\Database\MySQLi\Connection.php(186): mysqli->real_connect('localhost', '', Object(SensitiveParameterValue), 'cc115_crud', 3306, '', 0)
#1 C:\xampp\htdocs\cc115_crud\system\Database\BaseConnection.php(421): CodeIgniter\Database\MySQLi\Connection->connect(false)
#2 C:\xampp\htdocs\cc115_crud\system\Database\BaseConnection.php(616): CodeIgniter\Database\BaseConnection->initialize()
#3 C:\xampp\htdocs\cc115_crud\system\Database\BaseBuilder.php(2340): CodeIgniter\Database\BaseConnection->query('INSERT INTO `tb...', Array, false)
#4 C:\xampp\htdocs\cc115_crud\system\Model.php(394): CodeIgniter\Database\BaseBuilder->insert()
#5 C:\xampp\htdocs\cc115_crud\system\BaseModel.php(840): CodeIgniter\Model->doInsert(Array)
#6 C:\xampp\htdocs\cc115_crud\system\Model.php(802): CodeIgniter\BaseModel->insert(Array, true)
#7 C:\xampp\htdocs\cc115_crud\app\Controllers\StudentsController.php(46): CodeIgniter\Model->insert(Array)
#8 C:\xampp\htdocs\cc115_crud\system\CodeIgniter.php(933): App\Controllers\StudentsController->store()
#9 C:\xampp\htdocs\cc115_crud\system\CodeIgniter.php(509): CodeIgniter\CodeIgniter->runController(Object(App\Controllers\StudentsController))
#10 C:\xampp\htdocs\cc115_crud\system\CodeIgniter.php(355): CodeIgniter\CodeIgniter->handleRequest(NULL, Object(Config\Cache), false)
#11 C:\xampp\htdocs\cc115_crud\system\Boot.php(325): CodeIgniter\CodeIgniter->run()
#12 C:\xampp\htdocs\cc115_crud\system\Boot.php(67): CodeIgniter\Boot::runCodeIgniter(Object(CodeIgniter\CodeIgniter))
#13 C:\xampp\htdocs\cc115_crud\index.php(56): CodeIgniter\Boot::bootWeb(Object(Config\Paths))
#14 {main}

Next CodeIgniter\Database\Exceptions\DatabaseException: Access denied for user ''@'localhost' (using password: NO) in C:\xampp\htdocs\cc115_crud\system\Database\MySQLi\Connection.php:231
Stack trace:
#0 C:\xampp\htdocs\cc115_crud\system\Database\BaseConnection.php(421): CodeIgniter\Database\MySQLi\Connection->connect(false)
#1 C:\xampp\htdocs\cc115_crud\system\Database\BaseConnection.php(616): CodeIgniter\Database\BaseConnection->initialize()
#2 C:\xampp\htdocs\cc115_crud\system\Database\BaseBuilder.php(2340): CodeIgniter\Database\BaseConnection->query('INSERT INTO `tb...', Array, false)
#3 C:\xampp\htdocs\cc115_crud\system\Model.php(394): CodeIgniter\Database\BaseBuilder->insert()
#4 C:\xampp\htdocs\cc115_crud\system\BaseModel.php(840): CodeIgniter\Model->doInsert(Array)
#5 C:\xampp\htdocs\cc115_crud\system\Model.php(802): CodeIgniter\BaseModel->insert(Array, true)
#6 C:\xampp\htdocs\cc115_crud\app\Controllers\StudentsController.php(46): CodeIgniter\Model->insert(Array)
#7 C:\xampp\htdocs\cc115_crud\system\CodeIgniter.php(933): App\Controllers\StudentsController->store()
#8 C:\xampp\htdocs\cc115_crud\system\CodeIgniter.php(509): CodeIgniter\CodeIgniter->runController(Object(App\Controllers\StudentsController))
#9 C:\xampp\htdocs\cc115_crud\system\CodeIgniter.php(355): CodeIgniter\CodeIgniter->handleRequest(NULL, Object(Config\Cache), false)
#10 C:\xampp\htdocs\cc115_crud\system\Boot.php(325): CodeIgniter\CodeIgniter->run()
#11 C:\xampp\htdocs\cc115_crud\system\Boot.php(67): CodeIgniter\Boot::runCodeIgniter(Object(CodeIgniter\CodeIgniter))
#12 C:\xampp\htdocs\cc115_crud\index.php(56): CodeIgniter\Boot::bootWeb(Object(Config\Paths))
#13 {main}
CRITICAL - 2025-04-19 11:08:21 --> CodeIgniter\Database\Exceptions\DatabaseException: Unable to connect to the database.
Main connection [MySQLi]: Access denied for user ''@'localhost' (using password: NO)
[Method: POST, Route: students/store]
in SYSTEMPATH\Database\BaseConnection.php on line 467.
 1 SYSTEMPATH\Database\BaseConnection.php(616): CodeIgniter\Database\BaseConnection->initialize()
 2 SYSTEMPATH\Database\BaseBuilder.php(2340): CodeIgniter\Database\BaseConnection->query('INSERT INTO `tbl_students` (`student_name`, `student_year`, `student_section`, `student_course`, `created_at`, `updated_at`) VALUES (:student_name:, :student_year:, :student_section:, :student_course:, :created_at:, :updated_at:)', [...], false)
 3 SYSTEMPATH\Model.php(394): CodeIgniter\Database\BaseBuilder->insert()
 4 SYSTEMPATH\BaseModel.php(840): CodeIgniter\Model->doInsert([...])
 5 SYSTEMPATH\Model.php(802): CodeIgniter\BaseModel->insert([...], true)
 6 APPPATH\Controllers\StudentsController.php(46): CodeIgniter\Model->insert([...])
 7 SYSTEMPATH\CodeIgniter.php(933): App\Controllers\StudentsController->store()
 8 SYSTEMPATH\CodeIgniter.php(509): CodeIgniter\CodeIgniter->runController(Object(App\Controllers\StudentsController))
 9 SYSTEMPATH\CodeIgniter.php(355): CodeIgniter\CodeIgniter->handleRequest(null, Object(Config\Cache), false)
10 SYSTEMPATH\Boot.php(325): CodeIgniter\CodeIgniter->run()
11 SYSTEMPATH\Boot.php(67): CodeIgniter\Boot::runCodeIgniter(Object(CodeIgniter\CodeIgniter))
12 FCPATH\index.php(56): CodeIgniter\Boot::bootWeb(Object(Config\Paths))
ERROR - 2025-04-19 11:08:45 --> Error connecting to the database: mysqli_sql_exception: Access denied for user ''@'localhost' (using password: NO) in C:\xampp\htdocs\cc115_crud\system\Database\MySQLi\Connection.php:186
Stack trace:
#0 C:\xampp\htdocs\cc115_crud\system\Database\MySQLi\Connection.php(186): mysqli->real_connect('localhost', '', Object(SensitiveParameterValue), 'cc115_crud', 3306, '', 0)
#1 C:\xampp\htdocs\cc115_crud\system\Database\BaseConnection.php(421): CodeIgniter\Database\MySQLi\Connection->connect(false)
#2 C:\xampp\htdocs\cc115_crud\system\Database\BaseConnection.php(616): CodeIgniter\Database\BaseConnection->initialize()
#3 C:\xampp\htdocs\cc115_crud\system\Database\BaseBuilder.php(2340): CodeIgniter\Database\BaseConnection->query('INSERT INTO `tb...', Array, false)
#4 C:\xampp\htdocs\cc115_crud\system\Model.php(394): CodeIgniter\Database\BaseBuilder->insert()
#5 C:\xampp\htdocs\cc115_crud\system\BaseModel.php(840): CodeIgniter\Model->doInsert(Array)
#6 C:\xampp\htdocs\cc115_crud\system\Model.php(802): CodeIgniter\BaseModel->insert(Array, true)
#7 C:\xampp\htdocs\cc115_crud\app\Controllers\StudentsController.php(46): CodeIgniter\Model->insert(Array)
#8 C:\xampp\htdocs\cc115_crud\system\CodeIgniter.php(933): App\Controllers\StudentsController->store()
#9 C:\xampp\htdocs\cc115_crud\system\CodeIgniter.php(509): CodeIgniter\CodeIgniter->runController(Object(App\Controllers\StudentsController))
#10 C:\xampp\htdocs\cc115_crud\system\CodeIgniter.php(355): CodeIgniter\CodeIgniter->handleRequest(NULL, Object(Config\Cache), false)
#11 C:\xampp\htdocs\cc115_crud\system\Boot.php(325): CodeIgniter\CodeIgniter->run()
#12 C:\xampp\htdocs\cc115_crud\system\Boot.php(67): CodeIgniter\Boot::runCodeIgniter(Object(CodeIgniter\CodeIgniter))
#13 C:\xampp\htdocs\cc115_crud\index.php(56): CodeIgniter\Boot::bootWeb(Object(Config\Paths))
#14 {main}

Next CodeIgniter\Database\Exceptions\DatabaseException: Access denied for user ''@'localhost' (using password: NO) in C:\xampp\htdocs\cc115_crud\system\Database\MySQLi\Connection.php:231
Stack trace:
#0 C:\xampp\htdocs\cc115_crud\system\Database\BaseConnection.php(421): CodeIgniter\Database\MySQLi\Connection->connect(false)
#1 C:\xampp\htdocs\cc115_crud\system\Database\BaseConnection.php(616): CodeIgniter\Database\BaseConnection->initialize()
#2 C:\xampp\htdocs\cc115_crud\system\Database\BaseBuilder.php(2340): CodeIgniter\Database\BaseConnection->query('INSERT INTO `tb...', Array, false)
#3 C:\xampp\htdocs\cc115_crud\system\Model.php(394): CodeIgniter\Database\BaseBuilder->insert()
#4 C:\xampp\htdocs\cc115_crud\system\BaseModel.php(840): CodeIgniter\Model->doInsert(Array)
#5 C:\xampp\htdocs\cc115_crud\system\Model.php(802): CodeIgniter\BaseModel->insert(Array, true)
#6 C:\xampp\htdocs\cc115_crud\app\Controllers\StudentsController.php(46): CodeIgniter\Model->insert(Array)
#7 C:\xampp\htdocs\cc115_crud\system\CodeIgniter.php(933): App\Controllers\StudentsController->store()
#8 C:\xampp\htdocs\cc115_crud\system\CodeIgniter.php(509): CodeIgniter\CodeIgniter->runController(Object(App\Controllers\StudentsController))
#9 C:\xampp\htdocs\cc115_crud\system\CodeIgniter.php(355): CodeIgniter\CodeIgniter->handleRequest(NULL, Object(Config\Cache), false)
#10 C:\xampp\htdocs\cc115_crud\system\Boot.php(325): CodeIgniter\CodeIgniter->run()
#11 C:\xampp\htdocs\cc115_crud\system\Boot.php(67): CodeIgniter\Boot::runCodeIgniter(Object(CodeIgniter\CodeIgniter))
#12 C:\xampp\htdocs\cc115_crud\index.php(56): CodeIgniter\Boot::bootWeb(Object(Config\Paths))
#13 {main}
CRITICAL - 2025-04-19 11:08:45 --> CodeIgniter\Database\Exceptions\DatabaseException: Unable to connect to the database.
Main connection [MySQLi]: Access denied for user ''@'localhost' (using password: NO)
[Method: POST, Route: students/store]
in SYSTEMPATH\Database\BaseConnection.php on line 467.
 1 SYSTEMPATH\Database\BaseConnection.php(616): CodeIgniter\Database\BaseConnection->initialize()
 2 SYSTEMPATH\Database\BaseBuilder.php(2340): CodeIgniter\Database\BaseConnection->query('INSERT INTO `tbl_students` (`student_name`, `student_year`, `student_section`, `student_course`, `created_at`, `updated_at`) VALUES (:student_name:, :student_year:, :student_section:, :student_course:, :created_at:, :updated_at:)', [...], false)
 3 SYSTEMPATH\Model.php(394): CodeIgniter\Database\BaseBuilder->insert()
 4 SYSTEMPATH\BaseModel.php(840): CodeIgniter\Model->doInsert([...])
 5 SYSTEMPATH\Model.php(802): CodeIgniter\BaseModel->insert([...], true)
 6 APPPATH\Controllers\StudentsController.php(46): CodeIgniter\Model->insert([...])
 7 SYSTEMPATH\CodeIgniter.php(933): App\Controllers\StudentsController->store()
 8 SYSTEMPATH\CodeIgniter.php(509): CodeIgniter\CodeIgniter->runController(Object(App\Controllers\StudentsController))
 9 SYSTEMPATH\CodeIgniter.php(355): CodeIgniter\CodeIgniter->handleRequest(null, Object(Config\Cache), false)
10 SYSTEMPATH\Boot.php(325): CodeIgniter\CodeIgniter->run()
11 SYSTEMPATH\Boot.php(67): CodeIgniter\Boot::runCodeIgniter(Object(CodeIgniter\CodeIgniter))
12 FCPATH\index.php(56): CodeIgniter\Boot::bootWeb(Object(Config\Paths))
ERROR - 2025-04-19 11:10:55 --> Error connecting to the database: mysqli_sql_exception: Access denied for user ''@'localhost' (using password: NO) in C:\xampp\htdocs\cc115_crud\system\Database\MySQLi\Connection.php:186
Stack trace:
#0 C:\xampp\htdocs\cc115_crud\system\Database\MySQLi\Connection.php(186): mysqli->real_connect('localhost', '', Object(SensitiveParameterValue), 'cc115_crud', 3306, '', 0)
#1 C:\xampp\htdocs\cc115_crud\system\Database\BaseConnection.php(421): CodeIgniter\Database\MySQLi\Connection->connect(false)
#2 C:\xampp\htdocs\cc115_crud\system\Database\BaseConnection.php(616): CodeIgniter\Database\BaseConnection->initialize()
#3 C:\xampp\htdocs\cc115_crud\system\Database\BaseBuilder.php(2340): CodeIgniter\Database\BaseConnection->query('INSERT INTO `tb...', Array, false)
#4 C:\xampp\htdocs\cc115_crud\system\Model.php(394): CodeIgniter\Database\BaseBuilder->insert()
#5 C:\xampp\htdocs\cc115_crud\system\BaseModel.php(840): CodeIgniter\Model->doInsert(Array)
#6 C:\xampp\htdocs\cc115_crud\system\Model.php(802): CodeIgniter\BaseModel->insert(Array, true)
#7 C:\xampp\htdocs\cc115_crud\app\Controllers\StudentsController.php(46): CodeIgniter\Model->insert(Array)
#8 C:\xampp\htdocs\cc115_crud\system\CodeIgniter.php(933): App\Controllers\StudentsController->store()
#9 C:\xampp\htdocs\cc115_crud\system\CodeIgniter.php(509): CodeIgniter\CodeIgniter->runController(Object(App\Controllers\StudentsController))
#10 C:\xampp\htdocs\cc115_crud\system\CodeIgniter.php(355): CodeIgniter\CodeIgniter->handleRequest(NULL, Object(Config\Cache), false)
#11 C:\xampp\htdocs\cc115_crud\system\Boot.php(325): CodeIgniter\CodeIgniter->run()
#12 C:\xampp\htdocs\cc115_crud\system\Boot.php(67): CodeIgniter\Boot::runCodeIgniter(Object(CodeIgniter\CodeIgniter))
#13 C:\xampp\htdocs\cc115_crud\index.php(56): CodeIgniter\Boot::bootWeb(Object(Config\Paths))
#14 {main}

Next CodeIgniter\Database\Exceptions\DatabaseException: Access denied for user ''@'localhost' (using password: NO) in C:\xampp\htdocs\cc115_crud\system\Database\MySQLi\Connection.php:231
Stack trace:
#0 C:\xampp\htdocs\cc115_crud\system\Database\BaseConnection.php(421): CodeIgniter\Database\MySQLi\Connection->connect(false)
#1 C:\xampp\htdocs\cc115_crud\system\Database\BaseConnection.php(616): CodeIgniter\Database\BaseConnection->initialize()
#2 C:\xampp\htdocs\cc115_crud\system\Database\BaseBuilder.php(2340): CodeIgniter\Database\BaseConnection->query('INSERT INTO `tb...', Array, false)
#3 C:\xampp\htdocs\cc115_crud\system\Model.php(394): CodeIgniter\Database\BaseBuilder->insert()
#4 C:\xampp\htdocs\cc115_crud\system\BaseModel.php(840): CodeIgniter\Model->doInsert(Array)
#5 C:\xampp\htdocs\cc115_crud\system\Model.php(802): CodeIgniter\BaseModel->insert(Array, true)
#6 C:\xampp\htdocs\cc115_crud\app\Controllers\StudentsController.php(46): CodeIgniter\Model->insert(Array)
#7 C:\xampp\htdocs\cc115_crud\system\CodeIgniter.php(933): App\Controllers\StudentsController->store()
#8 C:\xampp\htdocs\cc115_crud\system\CodeIgniter.php(509): CodeIgniter\CodeIgniter->runController(Object(App\Controllers\StudentsController))
#9 C:\xampp\htdocs\cc115_crud\system\CodeIgniter.php(355): CodeIgniter\CodeIgniter->handleRequest(NULL, Object(Config\Cache), false)
#10 C:\xampp\htdocs\cc115_crud\system\Boot.php(325): CodeIgniter\CodeIgniter->run()
#11 C:\xampp\htdocs\cc115_crud\system\Boot.php(67): CodeIgniter\Boot::runCodeIgniter(Object(CodeIgniter\CodeIgniter))
#12 C:\xampp\htdocs\cc115_crud\index.php(56): CodeIgniter\Boot::bootWeb(Object(Config\Paths))
#13 {main}
CRITICAL - 2025-04-19 11:10:55 --> CodeIgniter\Database\Exceptions\DatabaseException: Unable to connect to the database.
Main connection [MySQLi]: Access denied for user ''@'localhost' (using password: NO)
[Method: POST, Route: students/store]
in SYSTEMPATH\Database\BaseConnection.php on line 467.
 1 SYSTEMPATH\Database\BaseConnection.php(616): CodeIgniter\Database\BaseConnection->initialize()
 2 SYSTEMPATH\Database\BaseBuilder.php(2340): CodeIgniter\Database\BaseConnection->query('INSERT INTO `tbl_students` (`student_name`, `student_year`, `student_section`, `student_course`, `created_at`, `updated_at`) VALUES (:student_name:, :student_year:, :student_section:, :student_course:, :created_at:, :updated_at:)', [...], false)
 3 SYSTEMPATH\Model.php(394): CodeIgniter\Database\BaseBuilder->insert()
 4 SYSTEMPATH\BaseModel.php(840): CodeIgniter\Model->doInsert([...])
 5 SYSTEMPATH\Model.php(802): CodeIgniter\BaseModel->insert([...], true)
 6 APPPATH\Controllers\StudentsController.php(46): CodeIgniter\Model->insert([...])
 7 SYSTEMPATH\CodeIgniter.php(933): App\Controllers\StudentsController->store()
 8 SYSTEMPATH\CodeIgniter.php(509): CodeIgniter\CodeIgniter->runController(Object(App\Controllers\StudentsController))
 9 SYSTEMPATH\CodeIgniter.php(355): CodeIgniter\CodeIgniter->handleRequest(null, Object(Config\Cache), false)
10 SYSTEMPATH\Boot.php(325): CodeIgniter\CodeIgniter->run()
11 SYSTEMPATH\Boot.php(67): CodeIgniter\Boot::runCodeIgniter(Object(CodeIgniter\CodeIgniter))
12 FCPATH\index.php(56): CodeIgniter\Boot::bootWeb(Object(Config\Paths))
ERROR - 2025-04-19 11:14:56 --> Error connecting to the database: mysqli_sql_exception: Access denied for user ''@'localhost' (using password: NO) in C:\xampp\htdocs\cc115_crud\system\Database\MySQLi\Connection.php:186
Stack trace:
#0 C:\xampp\htdocs\cc115_crud\system\Database\MySQLi\Connection.php(186): mysqli->real_connect('localhost', '', Object(SensitiveParameterValue), 'cc115_crud', 3306, '', 0)
#1 C:\xampp\htdocs\cc115_crud\system\Database\BaseConnection.php(421): CodeIgniter\Database\MySQLi\Connection->connect(false)
#2 C:\xampp\htdocs\cc115_crud\system\Database\BaseConnection.php(616): CodeIgniter\Database\BaseConnection->initialize()
#3 C:\xampp\htdocs\cc115_crud\system\Database\BaseBuilder.php(2340): CodeIgniter\Database\BaseConnection->query('INSERT INTO `tb...', Array, false)
#4 C:\xampp\htdocs\cc115_crud\system\Model.php(394): CodeIgniter\Database\BaseBuilder->insert()
#5 C:\xampp\htdocs\cc115_crud\system\BaseModel.php(840): CodeIgniter\Model->doInsert(Array)
#6 C:\xampp\htdocs\cc115_crud\system\Model.php(802): CodeIgniter\BaseModel->insert(Array, true)
#7 C:\xampp\htdocs\cc115_crud\app\Controllers\StudentsController.php(46): CodeIgniter\Model->insert(Array)
#8 C:\xampp\htdocs\cc115_crud\system\CodeIgniter.php(933): App\Controllers\StudentsController->store()
#9 C:\xampp\htdocs\cc115_crud\system\CodeIgniter.php(509): CodeIgniter\CodeIgniter->runController(Object(App\Controllers\StudentsController))
#10 C:\xampp\htdocs\cc115_crud\system\CodeIgniter.php(355): CodeIgniter\CodeIgniter->handleRequest(NULL, Object(Config\Cache), false)
#11 C:\xampp\htdocs\cc115_crud\system\Boot.php(325): CodeIgniter\CodeIgniter->run()
#12 C:\xampp\htdocs\cc115_crud\system\Boot.php(67): CodeIgniter\Boot::runCodeIgniter(Object(CodeIgniter\CodeIgniter))
#13 C:\xampp\htdocs\cc115_crud\index.php(56): CodeIgniter\Boot::bootWeb(Object(Config\Paths))
#14 {main}

Next CodeIgniter\Database\Exceptions\DatabaseException: Access denied for user ''@'localhost' (using password: NO) in C:\xampp\htdocs\cc115_crud\system\Database\MySQLi\Connection.php:231
Stack trace:
#0 C:\xampp\htdocs\cc115_crud\system\Database\BaseConnection.php(421): CodeIgniter\Database\MySQLi\Connection->connect(false)
#1 C:\xampp\htdocs\cc115_crud\system\Database\BaseConnection.php(616): CodeIgniter\Database\BaseConnection->initialize()
#2 C:\xampp\htdocs\cc115_crud\system\Database\BaseBuilder.php(2340): CodeIgniter\Database\BaseConnection->query('INSERT INTO `tb...', Array, false)
#3 C:\xampp\htdocs\cc115_crud\system\Model.php(394): CodeIgniter\Database\BaseBuilder->insert()
#4 C:\xampp\htdocs\cc115_crud\system\BaseModel.php(840): CodeIgniter\Model->doInsert(Array)
#5 C:\xampp\htdocs\cc115_crud\system\Model.php(802): CodeIgniter\BaseModel->insert(Array, true)
#6 C:\xampp\htdocs\cc115_crud\app\Controllers\StudentsController.php(46): CodeIgniter\Model->insert(Array)
#7 C:\xampp\htdocs\cc115_crud\system\CodeIgniter.php(933): App\Controllers\StudentsController->store()
#8 C:\xampp\htdocs\cc115_crud\system\CodeIgniter.php(509): CodeIgniter\CodeIgniter->runController(Object(App\Controllers\StudentsController))
#9 C:\xampp\htdocs\cc115_crud\system\CodeIgniter.php(355): CodeIgniter\CodeIgniter->handleRequest(NULL, Object(Config\Cache), false)
#10 C:\xampp\htdocs\cc115_crud\system\Boot.php(325): CodeIgniter\CodeIgniter->run()
#11 C:\xampp\htdocs\cc115_crud\system\Boot.php(67): CodeIgniter\Boot::runCodeIgniter(Object(CodeIgniter\CodeIgniter))
#12 C:\xampp\htdocs\cc115_crud\index.php(56): CodeIgniter\Boot::bootWeb(Object(Config\Paths))
#13 {main}
CRITICAL - 2025-04-19 11:14:56 --> CodeIgniter\Database\Exceptions\DatabaseException: Unable to connect to the database.
Main connection [MySQLi]: Access denied for user ''@'localhost' (using password: NO)
[Method: POST, Route: students/store]
in SYSTEMPATH\Database\BaseConnection.php on line 467.
 1 SYSTEMPATH\Database\BaseConnection.php(616): CodeIgniter\Database\BaseConnection->initialize()
 2 SYSTEMPATH\Database\BaseBuilder.php(2340): CodeIgniter\Database\BaseConnection->query('INSERT INTO `tbl_students` (`student_name`, `student_year`, `student_section`, `student_course`, `created_at`, `updated_at`) VALUES (:student_name:, :student_year:, :student_section:, :student_course:, :created_at:, :updated_at:)', [...], false)
 3 SYSTEMPATH\Model.php(394): CodeIgniter\Database\BaseBuilder->insert()
 4 SYSTEMPATH\BaseModel.php(840): CodeIgniter\Model->doInsert([...])
 5 SYSTEMPATH\Model.php(802): CodeIgniter\BaseModel->insert([...], true)
 6 APPPATH\Controllers\StudentsController.php(46): CodeIgniter\Model->insert([...])
 7 SYSTEMPATH\CodeIgniter.php(933): App\Controllers\StudentsController->store()
 8 SYSTEMPATH\CodeIgniter.php(509): CodeIgniter\CodeIgniter->runController(Object(App\Controllers\StudentsController))
 9 SYSTEMPATH\CodeIgniter.php(355): CodeIgniter\CodeIgniter->handleRequest(null, Object(Config\Cache), false)
10 SYSTEMPATH\Boot.php(325): CodeIgniter\CodeIgniter->run()
11 SYSTEMPATH\Boot.php(67): CodeIgniter\Boot::runCodeIgniter(Object(CodeIgniter\CodeIgniter))
12 FCPATH\index.php(56): CodeIgniter\Boot::bootWeb(Object(Config\Paths))
ERROR - 2025-04-19 11:17:08 --> Error connecting to the database: mysqli_sql_exception: Access denied for user ''@'localhost' (using password: NO) in C:\xampp\htdocs\cc115_crud\system\Database\MySQLi\Connection.php:186
Stack trace:
#0 C:\xampp\htdocs\cc115_crud\system\Database\MySQLi\Connection.php(186): mysqli->real_connect('localhost', '', Object(SensitiveParameterValue), 'cc115_crud', 3306, '', 0)
#1 C:\xampp\htdocs\cc115_crud\system\Database\BaseConnection.php(421): CodeIgniter\Database\MySQLi\Connection->connect(false)
#2 C:\xampp\htdocs\cc115_crud\system\Database\BaseConnection.php(616): CodeIgniter\Database\BaseConnection->initialize()
#3 C:\xampp\htdocs\cc115_crud\system\Database\BaseBuilder.php(2340): CodeIgniter\Database\BaseConnection->query('INSERT INTO `tb...', Array, false)
#4 C:\xampp\htdocs\cc115_crud\system\Model.php(394): CodeIgniter\Database\BaseBuilder->insert()
#5 C:\xampp\htdocs\cc115_crud\system\BaseModel.php(840): CodeIgniter\Model->doInsert(Array)
#6 C:\xampp\htdocs\cc115_crud\system\Model.php(802): CodeIgniter\BaseModel->insert(Array, true)
#7 C:\xampp\htdocs\cc115_crud\app\Controllers\StudentsController.php(46): CodeIgniter\Model->insert(Array)
#8 C:\xampp\htdocs\cc115_crud\system\CodeIgniter.php(933): App\Controllers\StudentsController->store()
#9 C:\xampp\htdocs\cc115_crud\system\CodeIgniter.php(509): CodeIgniter\CodeIgniter->runController(Object(App\Controllers\StudentsController))
#10 C:\xampp\htdocs\cc115_crud\system\CodeIgniter.php(355): CodeIgniter\CodeIgniter->handleRequest(NULL, Object(Config\Cache), false)
#11 C:\xampp\htdocs\cc115_crud\system\Boot.php(325): CodeIgniter\CodeIgniter->run()
#12 C:\xampp\htdocs\cc115_crud\system\Boot.php(67): CodeIgniter\Boot::runCodeIgniter(Object(CodeIgniter\CodeIgniter))
#13 C:\xampp\htdocs\cc115_crud\index.php(56): CodeIgniter\Boot::bootWeb(Object(Config\Paths))
#14 {main}

Next CodeIgniter\Database\Exceptions\DatabaseException: Access denied for user ''@'localhost' (using password: NO) in C:\xampp\htdocs\cc115_crud\system\Database\MySQLi\Connection.php:231
Stack trace:
#0 C:\xampp\htdocs\cc115_crud\system\Database\BaseConnection.php(421): CodeIgniter\Database\MySQLi\Connection->connect(false)
#1 C:\xampp\htdocs\cc115_crud\system\Database\BaseConnection.php(616): CodeIgniter\Database\BaseConnection->initialize()
#2 C:\xampp\htdocs\cc115_crud\system\Database\BaseBuilder.php(2340): CodeIgniter\Database\BaseConnection->query('INSERT INTO `tb...', Array, false)
#3 C:\xampp\htdocs\cc115_crud\system\Model.php(394): CodeIgniter\Database\BaseBuilder->insert()
#4 C:\xampp\htdocs\cc115_crud\system\BaseModel.php(840): CodeIgniter\Model->doInsert(Array)
#5 C:\xampp\htdocs\cc115_crud\system\Model.php(802): CodeIgniter\BaseModel->insert(Array, true)
#6 C:\xampp\htdocs\cc115_crud\app\Controllers\StudentsController.php(46): CodeIgniter\Model->insert(Array)
#7 C:\xampp\htdocs\cc115_crud\system\CodeIgniter.php(933): App\Controllers\StudentsController->store()
#8 C:\xampp\htdocs\cc115_crud\system\CodeIgniter.php(509): CodeIgniter\CodeIgniter->runController(Object(App\Controllers\StudentsController))
#9 C:\xampp\htdocs\cc115_crud\system\CodeIgniter.php(355): CodeIgniter\CodeIgniter->handleRequest(NULL, Object(Config\Cache), false)
#10 C:\xampp\htdocs\cc115_crud\system\Boot.php(325): CodeIgniter\CodeIgniter->run()
#11 C:\xampp\htdocs\cc115_crud\system\Boot.php(67): CodeIgniter\Boot::runCodeIgniter(Object(CodeIgniter\CodeIgniter))
#12 C:\xampp\htdocs\cc115_crud\index.php(56): CodeIgniter\Boot::bootWeb(Object(Config\Paths))
#13 {main}
CRITICAL - 2025-04-19 11:17:08 --> CodeIgniter\Database\Exceptions\DatabaseException: Unable to connect to the database.
Main connection [MySQLi]: Access denied for user ''@'localhost' (using password: NO)
[Method: POST, Route: students/store]
in SYSTEMPATH\Database\BaseConnection.php on line 467.
 1 SYSTEMPATH\Database\BaseConnection.php(616): CodeIgniter\Database\BaseConnection->initialize()
 2 SYSTEMPATH\Database\BaseBuilder.php(2340): CodeIgniter\Database\BaseConnection->query('INSERT INTO `tbl_students` (`student_name`, `student_year`, `student_section`, `student_course`, `created_at`, `updated_at`) VALUES (:student_name:, :student_year:, :student_section:, :student_course:, :created_at:, :updated_at:)', [...], false)
 3 SYSTEMPATH\Model.php(394): CodeIgniter\Database\BaseBuilder->insert()
 4 SYSTEMPATH\BaseModel.php(840): CodeIgniter\Model->doInsert([...])
 5 SYSTEMPATH\Model.php(802): CodeIgniter\BaseModel->insert([...], true)
 6 APPPATH\Controllers\StudentsController.php(46): CodeIgniter\Model->insert([...])
 7 SYSTEMPATH\CodeIgniter.php(933): App\Controllers\StudentsController->store()
 8 SYSTEMPATH\CodeIgniter.php(509): CodeIgniter\CodeIgniter->runController(Object(App\Controllers\StudentsController))
 9 SYSTEMPATH\CodeIgniter.php(355): CodeIgniter\CodeIgniter->handleRequest(null, Object(Config\Cache), false)
10 SYSTEMPATH\Boot.php(325): CodeIgniter\CodeIgniter->run()
11 SYSTEMPATH\Boot.php(67): CodeIgniter\Boot::runCodeIgniter(Object(CodeIgniter\CodeIgniter))
12 FCPATH\index.php(56): CodeIgniter\Boot::bootWeb(Object(Config\Paths))
ERROR - 2025-04-19 11:22:28 --> Error connecting to the database: mysqli_sql_exception: Access denied for user ''@'localhost' (using password: NO) in C:\xampp\htdocs\cc115_crud\system\Database\MySQLi\Connection.php:186
Stack trace:
#0 C:\xampp\htdocs\cc115_crud\system\Database\MySQLi\Connection.php(186): mysqli->real_connect('localhost', '', Object(SensitiveParameterValue), 'cc115_crud', 3306, '', 0)
#1 C:\xampp\htdocs\cc115_crud\system\Database\BaseConnection.php(421): CodeIgniter\Database\MySQLi\Connection->connect(false)
#2 C:\xampp\htdocs\cc115_crud\system\Database\BaseConnection.php(616): CodeIgniter\Database\BaseConnection->initialize()
#3 C:\xampp\htdocs\cc115_crud\system\Database\BaseBuilder.php(2340): CodeIgniter\Database\BaseConnection->query('INSERT INTO `tb...', Array, false)
#4 C:\xampp\htdocs\cc115_crud\system\Model.php(394): CodeIgniter\Database\BaseBuilder->insert()
#5 C:\xampp\htdocs\cc115_crud\system\BaseModel.php(840): CodeIgniter\Model->doInsert(Array)
#6 C:\xampp\htdocs\cc115_crud\system\Model.php(802): CodeIgniter\BaseModel->insert(Array, true)
#7 C:\xampp\htdocs\cc115_crud\app\Controllers\StudentsController.php(46): CodeIgniter\Model->insert(Array)
#8 C:\xampp\htdocs\cc115_crud\system\CodeIgniter.php(933): App\Controllers\StudentsController->store()
#9 C:\xampp\htdocs\cc115_crud\system\CodeIgniter.php(509): CodeIgniter\CodeIgniter->runController(Object(App\Controllers\StudentsController))
#10 C:\xampp\htdocs\cc115_crud\system\CodeIgniter.php(355): CodeIgniter\CodeIgniter->handleRequest(NULL, Object(Config\Cache), false)
#11 C:\xampp\htdocs\cc115_crud\system\Boot.php(325): CodeIgniter\CodeIgniter->run()
#12 C:\xampp\htdocs\cc115_crud\system\Boot.php(67): CodeIgniter\Boot::runCodeIgniter(Object(CodeIgniter\CodeIgniter))
#13 C:\xampp\htdocs\cc115_crud\index.php(56): CodeIgniter\Boot::bootWeb(Object(Config\Paths))
#14 {main}

Next CodeIgniter\Database\Exceptions\DatabaseException: Access denied for user ''@'localhost' (using password: NO) in C:\xampp\htdocs\cc115_crud\system\Database\MySQLi\Connection.php:231
Stack trace:
#0 C:\xampp\htdocs\cc115_crud\system\Database\BaseConnection.php(421): CodeIgniter\Database\MySQLi\Connection->connect(false)
#1 C:\xampp\htdocs\cc115_crud\system\Database\BaseConnection.php(616): CodeIgniter\Database\BaseConnection->initialize()
#2 C:\xampp\htdocs\cc115_crud\system\Database\BaseBuilder.php(2340): CodeIgniter\Database\BaseConnection->query('INSERT INTO `tb...', Array, false)
#3 C:\xampp\htdocs\cc115_crud\system\Model.php(394): CodeIgniter\Database\BaseBuilder->insert()
#4 C:\xampp\htdocs\cc115_crud\system\BaseModel.php(840): CodeIgniter\Model->doInsert(Array)
#5 C:\xampp\htdocs\cc115_crud\system\Model.php(802): CodeIgniter\BaseModel->insert(Array, true)
#6 C:\xampp\htdocs\cc115_crud\app\Controllers\StudentsController.php(46): CodeIgniter\Model->insert(Array)
#7 C:\xampp\htdocs\cc115_crud\system\CodeIgniter.php(933): App\Controllers\StudentsController->store()
#8 C:\xampp\htdocs\cc115_crud\system\CodeIgniter.php(509): CodeIgniter\CodeIgniter->runController(Object(App\Controllers\StudentsController))
#9 C:\xampp\htdocs\cc115_crud\system\CodeIgniter.php(355): CodeIgniter\CodeIgniter->handleRequest(NULL, Object(Config\Cache), false)
#10 C:\xampp\htdocs\cc115_crud\system\Boot.php(325): CodeIgniter\CodeIgniter->run()
#11 C:\xampp\htdocs\cc115_crud\system\Boot.php(67): CodeIgniter\Boot::runCodeIgniter(Object(CodeIgniter\CodeIgniter))
#12 C:\xampp\htdocs\cc115_crud\index.php(56): CodeIgniter\Boot::bootWeb(Object(Config\Paths))
#13 {main}
CRITICAL - 2025-04-19 11:22:28 --> CodeIgniter\Database\Exceptions\DatabaseException: Unable to connect to the database.
Main connection [MySQLi]: Access denied for user ''@'localhost' (using password: NO)
[Method: POST, Route: students/store]
in SYSTEMPATH\Database\BaseConnection.php on line 467.
 1 SYSTEMPATH\Database\BaseConnection.php(616): CodeIgniter\Database\BaseConnection->initialize()
 2 SYSTEMPATH\Database\BaseBuilder.php(2340): CodeIgniter\Database\BaseConnection->query('INSERT INTO `tbl_students` (`student_name`, `student_year`, `student_section`, `student_course`, `created_at`, `updated_at`) VALUES (:student_name:, :student_year:, :student_section:, :student_course:, :created_at:, :updated_at:)', [...], false)
 3 SYSTEMPATH\Model.php(394): CodeIgniter\Database\BaseBuilder->insert()
 4 SYSTEMPATH\BaseModel.php(840): CodeIgniter\Model->doInsert([...])
 5 SYSTEMPATH\Model.php(802): CodeIgniter\BaseModel->insert([...], true)
 6 APPPATH\Controllers\StudentsController.php(46): CodeIgniter\Model->insert([...])
 7 SYSTEMPATH\CodeIgniter.php(933): App\Controllers\StudentsController->store()
 8 SYSTEMPATH\CodeIgniter.php(509): CodeIgniter\CodeIgniter->runController(Object(App\Controllers\StudentsController))
 9 SYSTEMPATH\CodeIgniter.php(355): CodeIgniter\CodeIgniter->handleRequest(null, Object(Config\Cache), false)
10 SYSTEMPATH\Boot.php(325): CodeIgniter\CodeIgniter->run()
11 SYSTEMPATH\Boot.php(67): CodeIgniter\Boot::runCodeIgniter(Object(CodeIgniter\CodeIgniter))
12 FCPATH\index.php(56): CodeIgniter\Boot::bootWeb(Object(Config\Paths))
ERROR - 2025-04-19 11:23:00 --> Error connecting to the database: mysqli_sql_exception: Access denied for user ''@'localhost' (using password: NO) in C:\xampp\htdocs\cc115_crud\system\Database\MySQLi\Connection.php:186
Stack trace:
#0 C:\xampp\htdocs\cc115_crud\system\Database\MySQLi\Connection.php(186): mysqli->real_connect('localhost', '', Object(SensitiveParameterValue), 'cc115_crud', 3306, '', 0)
#1 C:\xampp\htdocs\cc115_crud\system\Database\BaseConnection.php(421): CodeIgniter\Database\MySQLi\Connection->connect(false)
#2 C:\xampp\htdocs\cc115_crud\system\Database\BaseConnection.php(616): CodeIgniter\Database\BaseConnection->initialize()
#3 C:\xampp\htdocs\cc115_crud\system\Database\BaseBuilder.php(2340): CodeIgniter\Database\BaseConnection->query('INSERT INTO `tb...', Array, false)
#4 C:\xampp\htdocs\cc115_crud\system\Model.php(394): CodeIgniter\Database\BaseBuilder->insert()
#5 C:\xampp\htdocs\cc115_crud\system\BaseModel.php(840): CodeIgniter\Model->doInsert(Array)
#6 C:\xampp\htdocs\cc115_crud\system\Model.php(802): CodeIgniter\BaseModel->insert(Array, true)
#7 C:\xampp\htdocs\cc115_crud\app\Controllers\StudentsController.php(46): CodeIgniter\Model->insert(Array)
#8 C:\xampp\htdocs\cc115_crud\system\CodeIgniter.php(933): App\Controllers\StudentsController->store()
#9 C:\xampp\htdocs\cc115_crud\system\CodeIgniter.php(509): CodeIgniter\CodeIgniter->runController(Object(App\Controllers\StudentsController))
#10 C:\xampp\htdocs\cc115_crud\system\CodeIgniter.php(355): CodeIgniter\CodeIgniter->handleRequest(NULL, Object(Config\Cache), false)
#11 C:\xampp\htdocs\cc115_crud\system\Boot.php(325): CodeIgniter\CodeIgniter->run()
#12 C:\xampp\htdocs\cc115_crud\system\Boot.php(67): CodeIgniter\Boot::runCodeIgniter(Object(CodeIgniter\CodeIgniter))
#13 C:\xampp\htdocs\cc115_crud\index.php(56): CodeIgniter\Boot::bootWeb(Object(Config\Paths))
#14 {main}

Next CodeIgniter\Database\Exceptions\DatabaseException: Access denied for user ''@'localhost' (using password: NO) in C:\xampp\htdocs\cc115_crud\system\Database\MySQLi\Connection.php:231
Stack trace:
#0 C:\xampp\htdocs\cc115_crud\system\Database\BaseConnection.php(421): CodeIgniter\Database\MySQLi\Connection->connect(false)
#1 C:\xampp\htdocs\cc115_crud\system\Database\BaseConnection.php(616): CodeIgniter\Database\BaseConnection->initialize()
#2 C:\xampp\htdocs\cc115_crud\system\Database\BaseBuilder.php(2340): CodeIgniter\Database\BaseConnection->query('INSERT INTO `tb...', Array, false)
#3 C:\xampp\htdocs\cc115_crud\system\Model.php(394): CodeIgniter\Database\BaseBuilder->insert()
#4 C:\xampp\htdocs\cc115_crud\system\BaseModel.php(840): CodeIgniter\Model->doInsert(Array)
#5 C:\xampp\htdocs\cc115_crud\system\Model.php(802): CodeIgniter\BaseModel->insert(Array, true)
#6 C:\xampp\htdocs\cc115_crud\app\Controllers\StudentsController.php(46): CodeIgniter\Model->insert(Array)
#7 C:\xampp\htdocs\cc115_crud\system\CodeIgniter.php(933): App\Controllers\StudentsController->store()
#8 C:\xampp\htdocs\cc115_crud\system\CodeIgniter.php(509): CodeIgniter\CodeIgniter->runController(Object(App\Controllers\StudentsController))
#9 C:\xampp\htdocs\cc115_crud\system\CodeIgniter.php(355): CodeIgniter\CodeIgniter->handleRequest(NULL, Object(Config\Cache), false)
#10 C:\xampp\htdocs\cc115_crud\system\Boot.php(325): CodeIgniter\CodeIgniter->run()
#11 C:\xampp\htdocs\cc115_crud\system\Boot.php(67): CodeIgniter\Boot::runCodeIgniter(Object(CodeIgniter\CodeIgniter))
#12 C:\xampp\htdocs\cc115_crud\index.php(56): CodeIgniter\Boot::bootWeb(Object(Config\Paths))
#13 {main}
CRITICAL - 2025-04-19 11:23:00 --> CodeIgniter\Database\Exceptions\DatabaseException: Unable to connect to the database.
Main connection [MySQLi]: Access denied for user ''@'localhost' (using password: NO)
[Method: POST, Route: students/store]
in SYSTEMPATH\Database\BaseConnection.php on line 467.
 1 SYSTEMPATH\Database\BaseConnection.php(616): CodeIgniter\Database\BaseConnection->initialize()
 2 SYSTEMPATH\Database\BaseBuilder.php(2340): CodeIgniter\Database\BaseConnection->query('INSERT INTO `tbl_students` (`student_name`, `student_year`, `student_section`, `student_course`, `created_at`, `updated_at`) VALUES (:student_name:, :student_year:, :student_section:, :student_course:, :created_at:, :updated_at:)', [...], false)
 3 SYSTEMPATH\Model.php(394): CodeIgniter\Database\BaseBuilder->insert()
 4 SYSTEMPATH\BaseModel.php(840): CodeIgniter\Model->doInsert([...])
 5 SYSTEMPATH\Model.php(802): CodeIgniter\BaseModel->insert([...], true)
 6 APPPATH\Controllers\StudentsController.php(46): CodeIgniter\Model->insert([...])
 7 SYSTEMPATH\CodeIgniter.php(933): App\Controllers\StudentsController->store()
 8 SYSTEMPATH\CodeIgniter.php(509): CodeIgniter\CodeIgniter->runController(Object(App\Controllers\StudentsController))
 9 SYSTEMPATH\CodeIgniter.php(355): CodeIgniter\CodeIgniter->handleRequest(null, Object(Config\Cache), false)
10 SYSTEMPATH\Boot.php(325): CodeIgniter\CodeIgniter->run()
11 SYSTEMPATH\Boot.php(67): CodeIgniter\Boot::runCodeIgniter(Object(CodeIgniter\CodeIgniter))
12 FCPATH\index.php(56): CodeIgniter\Boot::bootWeb(Object(Config\Paths))
INFO - 2025-04-19 13:23:18 --> Session: Class initialized using 'CodeIgniter\Session\Handlers\FileHandler' driver.
ERROR - 2025-04-19 13:23:38 --> Error connecting to the database: mysqli_sql_exception: Access denied for user ''@'localhost' (using password: NO) in C:\xampp\htdocs\cc115_crud\system\Database\MySQLi\Connection.php:186
Stack trace:
#0 C:\xampp\htdocs\cc115_crud\system\Database\MySQLi\Connection.php(186): mysqli->real_connect('localhost', '', Object(SensitiveParameterValue), 'cc115_crud', 3306, '', 0)
#1 C:\xampp\htdocs\cc115_crud\system\Database\BaseConnection.php(421): CodeIgniter\Database\MySQLi\Connection->connect(false)
#2 C:\xampp\htdocs\cc115_crud\system\Database\BaseConnection.php(616): CodeIgniter\Database\BaseConnection->initialize()
#3 C:\xampp\htdocs\cc115_crud\system\Database\BaseBuilder.php(2340): CodeIgniter\Database\BaseConnection->query('INSERT INTO `tb...', Array, false)
#4 C:\xampp\htdocs\cc115_crud\system\Model.php(394): CodeIgniter\Database\BaseBuilder->insert()
#5 C:\xampp\htdocs\cc115_crud\system\BaseModel.php(840): CodeIgniter\Model->doInsert(Array)
#6 C:\xampp\htdocs\cc115_crud\system\Model.php(802): CodeIgniter\BaseModel->insert(Array, true)
#7 C:\xampp\htdocs\cc115_crud\app\Controllers\StudentsController.php(46): CodeIgniter\Model->insert(Array)
#8 C:\xampp\htdocs\cc115_crud\system\CodeIgniter.php(933): App\Controllers\StudentsController->store()
#9 C:\xampp\htdocs\cc115_crud\system\CodeIgniter.php(509): CodeIgniter\CodeIgniter->runController(Object(App\Controllers\StudentsController))
#10 C:\xampp\htdocs\cc115_crud\system\CodeIgniter.php(355): CodeIgniter\CodeIgniter->handleRequest(NULL, Object(Config\Cache), false)
#11 C:\xampp\htdocs\cc115_crud\system\Boot.php(325): CodeIgniter\CodeIgniter->run()
#12 C:\xampp\htdocs\cc115_crud\system\Boot.php(67): CodeIgniter\Boot::runCodeIgniter(Object(CodeIgniter\CodeIgniter))
#13 C:\xampp\htdocs\cc115_crud\index.php(56): CodeIgniter\Boot::bootWeb(Object(Config\Paths))
#14 {main}

Next CodeIgniter\Database\Exceptions\DatabaseException: Access denied for user ''@'localhost' (using password: NO) in C:\xampp\htdocs\cc115_crud\system\Database\MySQLi\Connection.php:231
Stack trace:
#0 C:\xampp\htdocs\cc115_crud\system\Database\BaseConnection.php(421): CodeIgniter\Database\MySQLi\Connection->connect(false)
#1 C:\xampp\htdocs\cc115_crud\system\Database\BaseConnection.php(616): CodeIgniter\Database\BaseConnection->initialize()
#2 C:\xampp\htdocs\cc115_crud\system\Database\BaseBuilder.php(2340): CodeIgniter\Database\BaseConnection->query('INSERT INTO `tb...', Array, false)
#3 C:\xampp\htdocs\cc115_crud\system\Model.php(394): CodeIgniter\Database\BaseBuilder->insert()
#4 C:\xampp\htdocs\cc115_crud\system\BaseModel.php(840): CodeIgniter\Model->doInsert(Array)
#5 C:\xampp\htdocs\cc115_crud\system\Model.php(802): CodeIgniter\BaseModel->insert(Array, true)
#6 C:\xampp\htdocs\cc115_crud\app\Controllers\StudentsController.php(46): CodeIgniter\Model->insert(Array)
#7 C:\xampp\htdocs\cc115_crud\system\CodeIgniter.php(933): App\Controllers\StudentsController->store()
#8 C:\xampp\htdocs\cc115_crud\system\CodeIgniter.php(509): CodeIgniter\CodeIgniter->runController(Object(App\Controllers\StudentsController))
#9 C:\xampp\htdocs\cc115_crud\system\CodeIgniter.php(355): CodeIgniter\CodeIgniter->handleRequest(NULL, Object(Config\Cache), false)
#10 C:\xampp\htdocs\cc115_crud\system\Boot.php(325): CodeIgniter\CodeIgniter->run()
#11 C:\xampp\htdocs\cc115_crud\system\Boot.php(67): CodeIgniter\Boot::runCodeIgniter(Object(CodeIgniter\CodeIgniter))
#12 C:\xampp\htdocs\cc115_crud\index.php(56): CodeIgniter\Boot::bootWeb(Object(Config\Paths))
#13 {main}
CRITICAL - 2025-04-19 13:23:38 --> CodeIgniter\Database\Exceptions\DatabaseException: Unable to connect to the database.
Main connection [MySQLi]: Access denied for user ''@'localhost' (using password: NO)
[Method: POST, Route: students/store]
in SYSTEMPATH\Database\BaseConnection.php on line 467.
 1 SYSTEMPATH\Database\BaseConnection.php(616): CodeIgniter\Database\BaseConnection->initialize()
 2 SYSTEMPATH\Database\BaseBuilder.php(2340): CodeIgniter\Database\BaseConnection->query('INSERT INTO `tbl_students` (`student_name`, `student_year`, `student_section`, `student_course`, `created_at`, `updated_at`) VALUES (:student_name:, :student_year:, :student_section:, :student_course:, :created_at:, :updated_at:)', [...], false)
 3 SYSTEMPATH\Model.php(394): CodeIgniter\Database\BaseBuilder->insert()
 4 SYSTEMPATH\BaseModel.php(840): CodeIgniter\Model->doInsert([...])
 5 SYSTEMPATH\Model.php(802): CodeIgniter\BaseModel->insert([...], true)
 6 APPPATH\Controllers\StudentsController.php(46): CodeIgniter\Model->insert([...])
 7 SYSTEMPATH\CodeIgniter.php(933): App\Controllers\StudentsController->store()
 8 SYSTEMPATH\CodeIgniter.php(509): CodeIgniter\CodeIgniter->runController(Object(App\Controllers\StudentsController))
 9 SYSTEMPATH\CodeIgniter.php(355): CodeIgniter\CodeIgniter->handleRequest(null, Object(Config\Cache), false)
10 SYSTEMPATH\Boot.php(325): CodeIgniter\CodeIgniter->run()
11 SYSTEMPATH\Boot.php(67): CodeIgniter\Boot::runCodeIgniter(Object(CodeIgniter\CodeIgniter))
12 FCPATH\index.php(56): CodeIgniter\Boot::bootWeb(Object(Config\Paths))
INFO - 2025-04-19 13:47:51 --> Session: Class initialized using 'CodeIgniter\Session\Handlers\FileHandler' driver.
ERROR - 2025-04-19 13:48:08 --> Error connecting to the database: mysqli_sql_exception: Access denied for user ''@'localhost' (using password: NO) in C:\xampp\htdocs\cc115_crud\system\Database\MySQLi\Connection.php:186
Stack trace:
#0 C:\xampp\htdocs\cc115_crud\system\Database\MySQLi\Connection.php(186): mysqli->real_connect('localhost', '', Object(SensitiveParameterValue), 'cc115_crud', 3306, '', 0)
#1 C:\xampp\htdocs\cc115_crud\system\Database\BaseConnection.php(421): CodeIgniter\Database\MySQLi\Connection->connect(false)
#2 C:\xampp\htdocs\cc115_crud\system\Database\BaseConnection.php(616): CodeIgniter\Database\BaseConnection->initialize()
#3 C:\xampp\htdocs\cc115_crud\system\Database\BaseBuilder.php(2340): CodeIgniter\Database\BaseConnection->query('INSERT INTO `tb...', Array, false)
#4 C:\xampp\htdocs\cc115_crud\system\Model.php(394): CodeIgniter\Database\BaseBuilder->insert()
#5 C:\xampp\htdocs\cc115_crud\system\BaseModel.php(840): CodeIgniter\Model->doInsert(Array)
#6 C:\xampp\htdocs\cc115_crud\system\Model.php(802): CodeIgniter\BaseModel->insert(Array, true)
#7 C:\xampp\htdocs\cc115_crud\app\Controllers\StudentsController.php(46): CodeIgniter\Model->insert(Array)
#8 C:\xampp\htdocs\cc115_crud\system\CodeIgniter.php(933): App\Controllers\StudentsController->store()
#9 C:\xampp\htdocs\cc115_crud\system\CodeIgniter.php(509): CodeIgniter\CodeIgniter->runController(Object(App\Controllers\StudentsController))
#10 C:\xampp\htdocs\cc115_crud\system\CodeIgniter.php(355): CodeIgniter\CodeIgniter->handleRequest(NULL, Object(Config\Cache), false)
#11 C:\xampp\htdocs\cc115_crud\system\Boot.php(325): CodeIgniter\CodeIgniter->run()
#12 C:\xampp\htdocs\cc115_crud\system\Boot.php(67): CodeIgniter\Boot::runCodeIgniter(Object(CodeIgniter\CodeIgniter))
#13 C:\xampp\htdocs\cc115_crud\index.php(56): CodeIgniter\Boot::bootWeb(Object(Config\Paths))
#14 {main}

Next CodeIgniter\Database\Exceptions\DatabaseException: Access denied for user ''@'localhost' (using password: NO) in C:\xampp\htdocs\cc115_crud\system\Database\MySQLi\Connection.php:231
Stack trace:
#0 C:\xampp\htdocs\cc115_crud\system\Database\BaseConnection.php(421): CodeIgniter\Database\MySQLi\Connection->connect(false)
#1 C:\xampp\htdocs\cc115_crud\system\Database\BaseConnection.php(616): CodeIgniter\Database\BaseConnection->initialize()
#2 C:\xampp\htdocs\cc115_crud\system\Database\BaseBuilder.php(2340): CodeIgniter\Database\BaseConnection->query('INSERT INTO `tb...', Array, false)
#3 C:\xampp\htdocs\cc115_crud\system\Model.php(394): CodeIgniter\Database\BaseBuilder->insert()
#4 C:\xampp\htdocs\cc115_crud\system\BaseModel.php(840): CodeIgniter\Model->doInsert(Array)
#5 C:\xampp\htdocs\cc115_crud\system\Model.php(802): CodeIgniter\BaseModel->insert(Array, true)
#6 C:\xampp\htdocs\cc115_crud\app\Controllers\StudentsController.php(46): CodeIgniter\Model->insert(Array)
#7 C:\xampp\htdocs\cc115_crud\system\CodeIgniter.php(933): App\Controllers\StudentsController->store()
#8 C:\xampp\htdocs\cc115_crud\system\CodeIgniter.php(509): CodeIgniter\CodeIgniter->runController(Object(App\Controllers\StudentsController))
#9 C:\xampp\htdocs\cc115_crud\system\CodeIgniter.php(355): CodeIgniter\CodeIgniter->handleRequest(NULL, Object(Config\Cache), false)
#10 C:\xampp\htdocs\cc115_crud\system\Boot.php(325): CodeIgniter\CodeIgniter->run()
#11 C:\xampp\htdocs\cc115_crud\system\Boot.php(67): CodeIgniter\Boot::runCodeIgniter(Object(CodeIgniter\CodeIgniter))
#12 C:\xampp\htdocs\cc115_crud\index.php(56): CodeIgniter\Boot::bootWeb(Object(Config\Paths))
#13 {main}
CRITICAL - 2025-04-19 13:48:08 --> CodeIgniter\Database\Exceptions\DatabaseException: Unable to connect to the database.
Main connection [MySQLi]: Access denied for user ''@'localhost' (using password: NO)
[Method: POST, Route: students/store]
in SYSTEMPATH\Database\BaseConnection.php on line 467.
 1 SYSTEMPATH\Database\BaseConnection.php(616): CodeIgniter\Database\BaseConnection->initialize()
 2 SYSTEMPATH\Database\BaseBuilder.php(2340): CodeIgniter\Database\BaseConnection->query('INSERT INTO `tbl_students` (`student_name`, `student_year`, `student_section`, `student_course`, `created_at`, `updated_at`) VALUES (:student_name:, :student_year:, :student_section:, :student_course:, :created_at:, :updated_at:)', [...], false)
 3 SYSTEMPATH\Model.php(394): CodeIgniter\Database\BaseBuilder->insert()
 4 SYSTEMPATH\BaseModel.php(840): CodeIgniter\Model->doInsert([...])
 5 SYSTEMPATH\Model.php(802): CodeIgniter\BaseModel->insert([...], true)
 6 APPPATH\Controllers\StudentsController.php(46): CodeIgniter\Model->insert([...])
 7 SYSTEMPATH\CodeIgniter.php(933): App\Controllers\StudentsController->store()
 8 SYSTEMPATH\CodeIgniter.php(509): CodeIgniter\CodeIgniter->runController(Object(App\Controllers\StudentsController))
 9 SYSTEMPATH\CodeIgniter.php(355): CodeIgniter\CodeIgniter->handleRequest(null, Object(Config\Cache), false)
10 SYSTEMPATH\Boot.php(325): CodeIgniter\CodeIgniter->run()
11 SYSTEMPATH\Boot.php(67): CodeIgniter\Boot::runCodeIgniter(Object(CodeIgniter\CodeIgniter))
12 FCPATH\index.php(56): CodeIgniter\Boot::bootWeb(Object(Config\Paths))
ERROR - 2025-04-19 13:56:08 --> Error connecting to the database: mysqli_sql_exception: Access denied for user ''@'localhost' (using password: NO) in C:\xampp\htdocs\cc115_crud\system\Database\MySQLi\Connection.php:186
Stack trace:
#0 C:\xampp\htdocs\cc115_crud\system\Database\MySQLi\Connection.php(186): mysqli->real_connect('localhost', '', Object(SensitiveParameterValue), 'cc115_crud', 3306, '', 0)
#1 C:\xampp\htdocs\cc115_crud\system\Database\BaseConnection.php(421): CodeIgniter\Database\MySQLi\Connection->connect(false)
#2 C:\xampp\htdocs\cc115_crud\system\Database\BaseConnection.php(616): CodeIgniter\Database\BaseConnection->initialize()
#3 C:\xampp\htdocs\cc115_crud\system\Database\BaseBuilder.php(2340): CodeIgniter\Database\BaseConnection->query('INSERT INTO `tb...', Array, false)
#4 C:\xampp\htdocs\cc115_crud\system\Model.php(394): CodeIgniter\Database\BaseBuilder->insert()
#5 C:\xampp\htdocs\cc115_crud\system\BaseModel.php(840): CodeIgniter\Model->doInsert(Array)
#6 C:\xampp\htdocs\cc115_crud\system\Model.php(802): CodeIgniter\BaseModel->insert(Array, true)
#7 C:\xampp\htdocs\cc115_crud\app\Controllers\StudentsController.php(46): CodeIgniter\Model->insert(Array)
#8 C:\xampp\htdocs\cc115_crud\system\CodeIgniter.php(933): App\Controllers\StudentsController->store()
#9 C:\xampp\htdocs\cc115_crud\system\CodeIgniter.php(509): CodeIgniter\CodeIgniter->runController(Object(App\Controllers\StudentsController))
#10 C:\xampp\htdocs\cc115_crud\system\CodeIgniter.php(355): CodeIgniter\CodeIgniter->handleRequest(NULL, Object(Config\Cache), false)
#11 C:\xampp\htdocs\cc115_crud\system\Boot.php(325): CodeIgniter\CodeIgniter->run()
#12 C:\xampp\htdocs\cc115_crud\system\Boot.php(67): CodeIgniter\Boot::runCodeIgniter(Object(CodeIgniter\CodeIgniter))
#13 C:\xampp\htdocs\cc115_crud\index.php(56): CodeIgniter\Boot::bootWeb(Object(Config\Paths))
#14 {main}

Next CodeIgniter\Database\Exceptions\DatabaseException: Access denied for user ''@'localhost' (using password: NO) in C:\xampp\htdocs\cc115_crud\system\Database\MySQLi\Connection.php:231
Stack trace:
#0 C:\xampp\htdocs\cc115_crud\system\Database\BaseConnection.php(421): CodeIgniter\Database\MySQLi\Connection->connect(false)
#1 C:\xampp\htdocs\cc115_crud\system\Database\BaseConnection.php(616): CodeIgniter\Database\BaseConnection->initialize()
#2 C:\xampp\htdocs\cc115_crud\system\Database\BaseBuilder.php(2340): CodeIgniter\Database\BaseConnection->query('INSERT INTO `tb...', Array, false)
#3 C:\xampp\htdocs\cc115_crud\system\Model.php(394): CodeIgniter\Database\BaseBuilder->insert()
#4 C:\xampp\htdocs\cc115_crud\system\BaseModel.php(840): CodeIgniter\Model->doInsert(Array)
#5 C:\xampp\htdocs\cc115_crud\system\Model.php(802): CodeIgniter\BaseModel->insert(Array, true)
#6 C:\xampp\htdocs\cc115_crud\app\Controllers\StudentsController.php(46): CodeIgniter\Model->insert(Array)
#7 C:\xampp\htdocs\cc115_crud\system\CodeIgniter.php(933): App\Controllers\StudentsController->store()
#8 C:\xampp\htdocs\cc115_crud\system\CodeIgniter.php(509): CodeIgniter\CodeIgniter->runController(Object(App\Controllers\StudentsController))
#9 C:\xampp\htdocs\cc115_crud\system\CodeIgniter.php(355): CodeIgniter\CodeIgniter->handleRequest(NULL, Object(Config\Cache), false)
#10 C:\xampp\htdocs\cc115_crud\system\Boot.php(325): CodeIgniter\CodeIgniter->run()
#11 C:\xampp\htdocs\cc115_crud\system\Boot.php(67): CodeIgniter\Boot::runCodeIgniter(Object(CodeIgniter\CodeIgniter))
#12 C:\xampp\htdocs\cc115_crud\index.php(56): CodeIgniter\Boot::bootWeb(Object(Config\Paths))
#13 {main}
CRITICAL - 2025-04-19 13:56:08 --> CodeIgniter\Database\Exceptions\DatabaseException: Unable to connect to the database.
Main connection [MySQLi]: Access denied for user ''@'localhost' (using password: NO)
[Method: POST, Route: students/store]
in SYSTEMPATH\Database\BaseConnection.php on line 467.
 1 SYSTEMPATH\Database\BaseConnection.php(616): CodeIgniter\Database\BaseConnection->initialize()
 2 SYSTEMPATH\Database\BaseBuilder.php(2340): CodeIgniter\Database\BaseConnection->query('INSERT INTO `tbl_students` (`student_name`, `student_year`, `student_section`, `student_course`, `created_at`, `updated_at`) VALUES (:student_name:, :student_year:, :student_section:, :student_course:, :created_at:, :updated_at:)', [...], false)
 3 SYSTEMPATH\Model.php(394): CodeIgniter\Database\BaseBuilder->insert()
 4 SYSTEMPATH\BaseModel.php(840): CodeIgniter\Model->doInsert([...])
 5 SYSTEMPATH\Model.php(802): CodeIgniter\BaseModel->insert([...], true)
 6 APPPATH\Controllers\StudentsController.php(46): CodeIgniter\Model->insert([...])
 7 SYSTEMPATH\CodeIgniter.php(933): App\Controllers\StudentsController->store()
 8 SYSTEMPATH\CodeIgniter.php(509): CodeIgniter\CodeIgniter->runController(Object(App\Controllers\StudentsController))
 9 SYSTEMPATH\CodeIgniter.php(355): CodeIgniter\CodeIgniter->handleRequest(null, Object(Config\Cache), false)
10 SYSTEMPATH\Boot.php(325): CodeIgniter\CodeIgniter->run()
11 SYSTEMPATH\Boot.php(67): CodeIgniter\Boot::runCodeIgniter(Object(CodeIgniter\CodeIgniter))
12 FCPATH\index.php(56): CodeIgniter\Boot::bootWeb(Object(Config\Paths))
ERROR - 2025-04-19 13:56:32 --> Error connecting to the database: mysqli_sql_exception: Access denied for user ''@'localhost' (using password: NO) in C:\xampp\htdocs\cc115_crud\system\Database\MySQLi\Connection.php:186
Stack trace:
#0 C:\xampp\htdocs\cc115_crud\system\Database\MySQLi\Connection.php(186): mysqli->real_connect('localhost', '', Object(SensitiveParameterValue), 'cc115_crud', 3306, '', 0)
#1 C:\xampp\htdocs\cc115_crud\system\Database\BaseConnection.php(421): CodeIgniter\Database\MySQLi\Connection->connect(false)
#2 C:\xampp\htdocs\cc115_crud\system\Database\BaseConnection.php(616): CodeIgniter\Database\BaseConnection->initialize()
#3 C:\xampp\htdocs\cc115_crud\system\Database\BaseBuilder.php(2340): CodeIgniter\Database\BaseConnection->query('INSERT INTO `tb...', Array, false)
#4 C:\xampp\htdocs\cc115_crud\system\Model.php(394): CodeIgniter\Database\BaseBuilder->insert()
#5 C:\xampp\htdocs\cc115_crud\system\BaseModel.php(840): CodeIgniter\Model->doInsert(Array)
#6 C:\xampp\htdocs\cc115_crud\system\Model.php(802): CodeIgniter\BaseModel->insert(Array, true)
#7 C:\xampp\htdocs\cc115_crud\app\Controllers\StudentsController.php(46): CodeIgniter\Model->insert(Array)
#8 C:\xampp\htdocs\cc115_crud\system\CodeIgniter.php(933): App\Controllers\StudentsController->store()
#9 C:\xampp\htdocs\cc115_crud\system\CodeIgniter.php(509): CodeIgniter\CodeIgniter->runController(Object(App\Controllers\StudentsController))
#10 C:\xampp\htdocs\cc115_crud\system\CodeIgniter.php(355): CodeIgniter\CodeIgniter->handleRequest(NULL, Object(Config\Cache), false)
#11 C:\xampp\htdocs\cc115_crud\system\Boot.php(325): CodeIgniter\CodeIgniter->run()
#12 C:\xampp\htdocs\cc115_crud\system\Boot.php(67): CodeIgniter\Boot::runCodeIgniter(Object(CodeIgniter\CodeIgniter))
#13 C:\xampp\htdocs\cc115_crud\index.php(56): CodeIgniter\Boot::bootWeb(Object(Config\Paths))
#14 {main}

Next CodeIgniter\Database\Exceptions\DatabaseException: Access denied for user ''@'localhost' (using password: NO) in C:\xampp\htdocs\cc115_crud\system\Database\MySQLi\Connection.php:231
Stack trace:
#0 C:\xampp\htdocs\cc115_crud\system\Database\BaseConnection.php(421): CodeIgniter\Database\MySQLi\Connection->connect(false)
#1 C:\xampp\htdocs\cc115_crud\system\Database\BaseConnection.php(616): CodeIgniter\Database\BaseConnection->initialize()
#2 C:\xampp\htdocs\cc115_crud\system\Database\BaseBuilder.php(2340): CodeIgniter\Database\BaseConnection->query('INSERT INTO `tb...', Array, false)
#3 C:\xampp\htdocs\cc115_crud\system\Model.php(394): CodeIgniter\Database\BaseBuilder->insert()
#4 C:\xampp\htdocs\cc115_crud\system\BaseModel.php(840): CodeIgniter\Model->doInsert(Array)
#5 C:\xampp\htdocs\cc115_crud\system\Model.php(802): CodeIgniter\BaseModel->insert(Array, true)
#6 C:\xampp\htdocs\cc115_crud\app\Controllers\StudentsController.php(46): CodeIgniter\Model->insert(Array)
#7 C:\xampp\htdocs\cc115_crud\system\CodeIgniter.php(933): App\Controllers\StudentsController->store()
#8 C:\xampp\htdocs\cc115_crud\system\CodeIgniter.php(509): CodeIgniter\CodeIgniter->runController(Object(App\Controllers\StudentsController))
#9 C:\xampp\htdocs\cc115_crud\system\CodeIgniter.php(355): CodeIgniter\CodeIgniter->handleRequest(NULL, Object(Config\Cache), false)
#10 C:\xampp\htdocs\cc115_crud\system\Boot.php(325): CodeIgniter\CodeIgniter->run()
#11 C:\xampp\htdocs\cc115_crud\system\Boot.php(67): CodeIgniter\Boot::runCodeIgniter(Object(CodeIgniter\CodeIgniter))
#12 C:\xampp\htdocs\cc115_crud\index.php(56): CodeIgniter\Boot::bootWeb(Object(Config\Paths))
#13 {main}
CRITICAL - 2025-04-19 13:56:32 --> CodeIgniter\Database\Exceptions\DatabaseException: Unable to connect to the database.
Main connection [MySQLi]: Access denied for user ''@'localhost' (using password: NO)
[Method: POST, Route: students/store]
in SYSTEMPATH\Database\BaseConnection.php on line 467.
 1 SYSTEMPATH\Database\BaseConnection.php(616): CodeIgniter\Database\BaseConnection->initialize()
 2 SYSTEMPATH\Database\BaseBuilder.php(2340): CodeIgniter\Database\BaseConnection->query('INSERT INTO `tbl_students` (`student_name`, `student_year`, `student_section`, `student_course`, `created_at`, `updated_at`) VALUES (:student_name:, :student_year:, :student_section:, :student_course:, :created_at:, :updated_at:)', [...], false)
 3 SYSTEMPATH\Model.php(394): CodeIgniter\Database\BaseBuilder->insert()
 4 SYSTEMPATH\BaseModel.php(840): CodeIgniter\Model->doInsert([...])
 5 SYSTEMPATH\Model.php(802): CodeIgniter\BaseModel->insert([...], true)
 6 APPPATH\Controllers\StudentsController.php(46): CodeIgniter\Model->insert([...])
 7 SYSTEMPATH\CodeIgniter.php(933): App\Controllers\StudentsController->store()
 8 SYSTEMPATH\CodeIgniter.php(509): CodeIgniter\CodeIgniter->runController(Object(App\Controllers\StudentsController))
 9 SYSTEMPATH\CodeIgniter.php(355): CodeIgniter\CodeIgniter->handleRequest(null, Object(Config\Cache), false)
10 SYSTEMPATH\Boot.php(325): CodeIgniter\CodeIgniter->run()
11 SYSTEMPATH\Boot.php(67): CodeIgniter\Boot::runCodeIgniter(Object(CodeIgniter\CodeIgniter))
12 FCPATH\index.php(56): CodeIgniter\Boot::bootWeb(Object(Config\Paths))
ERROR - 2025-04-19 14:03:05 --> Error connecting to the database: mysqli_sql_exception: Access denied for user ''@'localhost' (using password: NO) in C:\xampp\htdocs\cc115_crud\system\Database\MySQLi\Connection.php:186
Stack trace:
#0 C:\xampp\htdocs\cc115_crud\system\Database\MySQLi\Connection.php(186): mysqli->real_connect('localhost', '', Object(SensitiveParameterValue), 'cc115_crud', 3306, '', 0)
#1 C:\xampp\htdocs\cc115_crud\system\Database\BaseConnection.php(421): CodeIgniter\Database\MySQLi\Connection->connect(false)
#2 C:\xampp\htdocs\cc115_crud\system\Database\BaseConnection.php(616): CodeIgniter\Database\BaseConnection->initialize()
#3 C:\xampp\htdocs\cc115_crud\system\Database\BaseBuilder.php(2340): CodeIgniter\Database\BaseConnection->query('INSERT INTO `tb...', Array, false)
#4 C:\xampp\htdocs\cc115_crud\system\Model.php(394): CodeIgniter\Database\BaseBuilder->insert()
#5 C:\xampp\htdocs\cc115_crud\system\BaseModel.php(840): CodeIgniter\Model->doInsert(Array)
#6 C:\xampp\htdocs\cc115_crud\system\Model.php(802): CodeIgniter\BaseModel->insert(Array, true)
#7 C:\xampp\htdocs\cc115_crud\app\Controllers\StudentsController.php(46): CodeIgniter\Model->insert(Array)
#8 C:\xampp\htdocs\cc115_crud\system\CodeIgniter.php(933): App\Controllers\StudentsController->store()
#9 C:\xampp\htdocs\cc115_crud\system\CodeIgniter.php(509): CodeIgniter\CodeIgniter->runController(Object(App\Controllers\StudentsController))
#10 C:\xampp\htdocs\cc115_crud\system\CodeIgniter.php(355): CodeIgniter\CodeIgniter->handleRequest(NULL, Object(Config\Cache), false)
#11 C:\xampp\htdocs\cc115_crud\system\Boot.php(325): CodeIgniter\CodeIgniter->run()
#12 C:\xampp\htdocs\cc115_crud\system\Boot.php(67): CodeIgniter\Boot::runCodeIgniter(Object(CodeIgniter\CodeIgniter))
#13 C:\xampp\htdocs\cc115_crud\index.php(56): CodeIgniter\Boot::bootWeb(Object(Config\Paths))
#14 {main}

Next CodeIgniter\Database\Exceptions\DatabaseException: Access denied for user ''@'localhost' (using password: NO) in C:\xampp\htdocs\cc115_crud\system\Database\MySQLi\Connection.php:231
Stack trace:
#0 C:\xampp\htdocs\cc115_crud\system\Database\BaseConnection.php(421): CodeIgniter\Database\MySQLi\Connection->connect(false)
#1 C:\xampp\htdocs\cc115_crud\system\Database\BaseConnection.php(616): CodeIgniter\Database\BaseConnection->initialize()
#2 C:\xampp\htdocs\cc115_crud\system\Database\BaseBuilder.php(2340): CodeIgniter\Database\BaseConnection->query('INSERT INTO `tb...', Array, false)
#3 C:\xampp\htdocs\cc115_crud\system\Model.php(394): CodeIgniter\Database\BaseBuilder->insert()
#4 C:\xampp\htdocs\cc115_crud\system\BaseModel.php(840): CodeIgniter\Model->doInsert(Array)
#5 C:\xampp\htdocs\cc115_crud\system\Model.php(802): CodeIgniter\BaseModel->insert(Array, true)
#6 C:\xampp\htdocs\cc115_crud\app\Controllers\StudentsController.php(46): CodeIgniter\Model->insert(Array)
#7 C:\xampp\htdocs\cc115_crud\system\CodeIgniter.php(933): App\Controllers\StudentsController->store()
#8 C:\xampp\htdocs\cc115_crud\system\CodeIgniter.php(509): CodeIgniter\CodeIgniter->runController(Object(App\Controllers\StudentsController))
#9 C:\xampp\htdocs\cc115_crud\system\CodeIgniter.php(355): CodeIgniter\CodeIgniter->handleRequest(NULL, Object(Config\Cache), false)
#10 C:\xampp\htdocs\cc115_crud\system\Boot.php(325): CodeIgniter\CodeIgniter->run()
#11 C:\xampp\htdocs\cc115_crud\system\Boot.php(67): CodeIgniter\Boot::runCodeIgniter(Object(CodeIgniter\CodeIgniter))
#12 C:\xampp\htdocs\cc115_crud\index.php(56): CodeIgniter\Boot::bootWeb(Object(Config\Paths))
#13 {main}
CRITICAL - 2025-04-19 14:03:05 --> CodeIgniter\Database\Exceptions\DatabaseException: Unable to connect to the database.
Main connection [MySQLi]: Access denied for user ''@'localhost' (using password: NO)
[Method: POST, Route: students/store]
in SYSTEMPATH\Database\BaseConnection.php on line 467.
 1 SYSTEMPATH\Database\BaseConnection.php(616): CodeIgniter\Database\BaseConnection->initialize()
 2 SYSTEMPATH\Database\BaseBuilder.php(2340): CodeIgniter\Database\BaseConnection->query('INSERT INTO `tbl_students` (`student_name`, `student_year`, `student_section`, `student_course`, `created_at`, `updated_at`) VALUES (:student_name:, :student_year:, :student_section:, :student_course:, :created_at:, :updated_at:)', [...], false)
 3 SYSTEMPATH\Model.php(394): CodeIgniter\Database\BaseBuilder->insert()
 4 SYSTEMPATH\BaseModel.php(840): CodeIgniter\Model->doInsert([...])
 5 SYSTEMPATH\Model.php(802): CodeIgniter\BaseModel->insert([...], true)
 6 APPPATH\Controllers\StudentsController.php(46): CodeIgniter\Model->insert([...])
 7 SYSTEMPATH\CodeIgniter.php(933): App\Controllers\StudentsController->store()
 8 SYSTEMPATH\CodeIgniter.php(509): CodeIgniter\CodeIgniter->runController(Object(App\Controllers\StudentsController))
 9 SYSTEMPATH\CodeIgniter.php(355): CodeIgniter\CodeIgniter->handleRequest(null, Object(Config\Cache), false)
10 SYSTEMPATH\Boot.php(325): CodeIgniter\CodeIgniter->run()
11 SYSTEMPATH\Boot.php(67): CodeIgniter\Boot::runCodeIgniter(Object(CodeIgniter\CodeIgniter))
12 FCPATH\index.php(56): CodeIgniter\Boot::bootWeb(Object(Config\Paths))
ERROR - 2025-04-19 14:06:15 --> mysqli_sql_exception: Unknown column 'created_at' in 'field list' in C:\xampp\htdocs\cc115_crud\system\Database\MySQLi\Connection.php:312
Stack trace:
#0 C:\xampp\htdocs\cc115_crud\system\Database\MySQLi\Connection.php(312): mysqli->query('INSERT INTO `tb...', 0)
#1 C:\xampp\htdocs\cc115_crud\system\Database\BaseConnection.php(734): CodeIgniter\Database\MySQLi\Connection->execute('INSERT INTO `tb...')
#2 C:\xampp\htdocs\cc115_crud\system\Database\BaseConnection.php(648): CodeIgniter\Database\BaseConnection->simpleQuery('INSERT INTO `tb...')
#3 C:\xampp\htdocs\cc115_crud\system\Database\BaseBuilder.php(2340): CodeIgniter\Database\BaseConnection->query('INSERT INTO `tb...', Array, false)
#4 C:\xampp\htdocs\cc115_crud\system\Model.php(394): CodeIgniter\Database\BaseBuilder->insert()
#5 C:\xampp\htdocs\cc115_crud\system\BaseModel.php(840): CodeIgniter\Model->doInsert(Array)
#6 C:\xampp\htdocs\cc115_crud\system\Model.php(802): CodeIgniter\BaseModel->insert(Array, true)
#7 C:\xampp\htdocs\cc115_crud\app\Controllers\StudentsController.php(46): CodeIgniter\Model->insert(Array)
#8 C:\xampp\htdocs\cc115_crud\system\CodeIgniter.php(933): App\Controllers\StudentsController->store()
#9 C:\xampp\htdocs\cc115_crud\system\CodeIgniter.php(509): CodeIgniter\CodeIgniter->runController(Object(App\Controllers\StudentsController))
#10 C:\xampp\htdocs\cc115_crud\system\CodeIgniter.php(355): CodeIgniter\CodeIgniter->handleRequest(NULL, Object(Config\Cache), false)
#11 C:\xampp\htdocs\cc115_crud\system\Boot.php(325): CodeIgniter\CodeIgniter->run()
#12 C:\xampp\htdocs\cc115_crud\system\Boot.php(67): CodeIgniter\Boot::runCodeIgniter(Object(CodeIgniter\CodeIgniter))
#13 C:\xampp\htdocs\cc115_crud\index.php(56): CodeIgniter\Boot::bootWeb(Object(Config\Paths))
#14 {main}
CRITICAL - 2025-04-19 14:06:15 --> CodeIgniter\Database\Exceptions\DatabaseException: Unknown column 'created_at' in 'field list'
[Method: POST, Route: students/store]
in SYSTEMPATH\Database\BaseConnection.php on line 688.
 1 SYSTEMPATH\Database\BaseBuilder.php(2340): CodeIgniter\Database\BaseConnection->query('INSERT INTO `tbl_students` (`student_name`, `student_year`, `student_section`, `student_course`, `created_at`, `updated_at`) VALUES (:student_name:, :student_year:, :student_section:, :student_course:, :created_at:, :updated_at:)', [...], false)
 2 SYSTEMPATH\Model.php(394): CodeIgniter\Database\BaseBuilder->insert()
 3 SYSTEMPATH\BaseModel.php(840): CodeIgniter\Model->doInsert([...])
 4 SYSTEMPATH\Model.php(802): CodeIgniter\BaseModel->insert([...], true)
 5 APPPATH\Controllers\StudentsController.php(46): CodeIgniter\Model->insert([...])
 6 SYSTEMPATH\CodeIgniter.php(933): App\Controllers\StudentsController->store()
 7 SYSTEMPATH\CodeIgniter.php(509): CodeIgniter\CodeIgniter->runController(Object(App\Controllers\StudentsController))
 8 SYSTEMPATH\CodeIgniter.php(355): CodeIgniter\CodeIgniter->handleRequest(null, Object(Config\Cache), false)
 9 SYSTEMPATH\Boot.php(325): CodeIgniter\CodeIgniter->run()
10 SYSTEMPATH\Boot.php(67): CodeIgniter\Boot::runCodeIgniter(Object(CodeIgniter\CodeIgniter))
11 FCPATH\index.php(56): CodeIgniter\Boot::bootWeb(Object(Config\Paths))
CRITICAL - 2025-04-19 14:06:15 --> [Caused by] CodeIgniter\Database\Exceptions\DatabaseException: Unknown column 'created_at' in 'field list'
in SYSTEMPATH\Database\MySQLi\Connection.php on line 317.
 1 SYSTEMPATH\Database\BaseConnection.php(734): CodeIgniter\Database\MySQLi\Connection->execute('INSERT INTO `tbl_students` (`student_name`, `student_year`, `student_section`, `student_course`, `created_at`, `updated_at`) VALUES (\'test\', \'2\', \'A\', \'BSIS\', \'2025-04-19 14:06:15\', \'2025-04-19 14:06:15\')')
 2 SYSTEMPATH\Database\BaseConnection.php(648): CodeIgniter\Database\BaseConnection->simpleQuery('INSERT INTO `tbl_students` (`student_name`, `student_year`, `student_section`, `student_course`, `created_at`, `updated_at`) VALUES (\'test\', \'2\', \'A\', \'BSIS\', \'2025-04-19 14:06:15\', \'2025-04-19 14:06:15\')')
 3 SYSTEMPATH\Database\BaseBuilder.php(2340): CodeIgniter\Database\BaseConnection->query('INSERT INTO `tbl_students` (`student_name`, `student_year`, `student_section`, `student_course`, `created_at`, `updated_at`) VALUES (:student_name:, :student_year:, :student_section:, :student_course:, :created_at:, :updated_at:)', [...], false)
 4 SYSTEMPATH\Model.php(394): CodeIgniter\Database\BaseBuilder->insert()
 5 SYSTEMPATH\BaseModel.php(840): CodeIgniter\Model->doInsert([...])
 6 SYSTEMPATH\Model.php(802): CodeIgniter\BaseModel->insert([...], true)
 7 APPPATH\Controllers\StudentsController.php(46): CodeIgniter\Model->insert([...])
 8 SYSTEMPATH\CodeIgniter.php(933): App\Controllers\StudentsController->store()
 9 SYSTEMPATH\CodeIgniter.php(509): CodeIgniter\CodeIgniter->runController(Object(App\Controllers\StudentsController))
10 SYSTEMPATH\CodeIgniter.php(355): CodeIgniter\CodeIgniter->handleRequest(null, Object(Config\Cache), false)
11 SYSTEMPATH\Boot.php(325): CodeIgniter\CodeIgniter->run()
12 SYSTEMPATH\Boot.php(67): CodeIgniter\Boot::runCodeIgniter(Object(CodeIgniter\CodeIgniter))
13 FCPATH\index.php(56): CodeIgniter\Boot::bootWeb(Object(Config\Paths))
CRITICAL - 2025-04-19 14:06:15 --> [Caused by] mysqli_sql_exception: Unknown column 'created_at' in 'field list'
in SYSTEMPATH\Database\MySQLi\Connection.php on line 312.
 1 SYSTEMPATH\Database\MySQLi\Connection.php(312): mysqli->query('INSERT INTO `tbl_students` (`student_name`, `student_year`, `student_section`, `student_course`, `created_at`, `updated_at`) VALUES (\'test\', \'2\', \'A\', \'BSIS\', \'2025-04-19 14:06:15\', \'2025-04-19 14:06:15\')', 0)
 2 SYSTEMPATH\Database\BaseConnection.php(734): CodeIgniter\Database\MySQLi\Connection->execute('INSERT INTO `tbl_students` (`student_name`, `student_year`, `student_section`, `student_course`, `created_at`, `updated_at`) VALUES (\'test\', \'2\', \'A\', \'BSIS\', \'2025-04-19 14:06:15\', \'2025-04-19 14:06:15\')')
 3 SYSTEMPATH\Database\BaseConnection.php(648): CodeIgniter\Database\BaseConnection->simpleQuery('INSERT INTO `tbl_students` (`student_name`, `student_year`, `student_section`, `student_course`, `created_at`, `updated_at`) VALUES (\'test\', \'2\', \'A\', \'BSIS\', \'2025-04-19 14:06:15\', \'2025-04-19 14:06:15\')')
 4 SYSTEMPATH\Database\BaseBuilder.php(2340): CodeIgniter\Database\BaseConnection->query('INSERT INTO `tbl_students` (`student_name`, `student_year`, `student_section`, `student_course`, `created_at`, `updated_at`) VALUES (:student_name:, :student_year:, :student_section:, :student_course:, :created_at:, :updated_at:)', [...], false)
 5 SYSTEMPATH\Model.php(394): CodeIgniter\Database\BaseBuilder->insert()
 6 SYSTEMPATH\BaseModel.php(840): CodeIgniter\Model->doInsert([...])
 7 SYSTEMPATH\Model.php(802): CodeIgniter\BaseModel->insert([...], true)
 8 APPPATH\Controllers\StudentsController.php(46): CodeIgniter\Model->insert([...])
 9 SYSTEMPATH\CodeIgniter.php(933): App\Controllers\StudentsController->store()
10 SYSTEMPATH\CodeIgniter.php(509): CodeIgniter\CodeIgniter->runController(Object(App\Controllers\StudentsController))
11 SYSTEMPATH\CodeIgniter.php(355): CodeIgniter\CodeIgniter->handleRequest(null, Object(Config\Cache), false)
12 SYSTEMPATH\Boot.php(325): CodeIgniter\CodeIgniter->run()
13 SYSTEMPATH\Boot.php(67): CodeIgniter\Boot::runCodeIgniter(Object(CodeIgniter\CodeIgniter))
14 FCPATH\index.php(56): CodeIgniter\Boot::bootWeb(Object(Config\Paths))
INFO - 2025-04-19 14:09:02 --> Session: Class initialized using 'CodeIgniter\Session\Handlers\FileHandler' driver.
INFO - 2025-04-19 14:21:17 --> Session: Class initialized using 'CodeIgniter\Session\Handlers\FileHandler' driver.
INFO - 2025-04-19 14:21:17 --> Session: Class initialized using 'CodeIgniter\Session\Handlers\FileHandler' driver.
INFO - 2025-04-19 14:27:11 --> Session: Class initialized using 'CodeIgniter\Session\Handlers\FileHandler' driver.
INFO - 2025-04-19 14:27:35 --> Session: Class initialized using 'CodeIgniter\Session\Handlers\FileHandler' driver.
INFO - 2025-04-19 14:27:39 --> Session: Class initialized using 'CodeIgniter\Session\Handlers\FileHandler' driver.
INFO - 2025-04-19 14:28:10 --> Session: Class initialized using 'CodeIgniter\Session\Handlers\FileHandler' driver.
INFO - 2025-04-19 14:28:10 --> Session: Class initialized using 'CodeIgniter\Session\Handlers\FileHandler' driver.
INFO - 2025-04-19 14:30:15 --> Session: Class initialized using 'CodeIgniter\Session\Handlers\FileHandler' driver.
INFO - 2025-04-19 14:30:38 --> Session: Class initialized using 'CodeIgniter\Session\Handlers\FileHandler' driver.
INFO - 2025-04-19 14:30:38 --> Session: Class initialized using 'CodeIgniter\Session\Handlers\FileHandler' driver.
